repo_name,language,fixture_count,commit_count_with_fixtures,first_fixture_commit,last_fixture_commit,clone_url
0xGF/boneyard,typescript,1,1,6a6e91f037d062a24146defd688808da5a1baa77,6a6e91f037d062a24146defd688808da5a1baa77,https://github.com/0xGF/boneyard.git
1st1/lat.md,typescript,6,2,a6b79378e590b2a568cfa26f73a1f8578d09a867,d0e40ac124c0f7d07f51d11485a83ba1a00320f2,https://github.com/1st1/lat.md.git
1weiho/open-slide,typescript,1,1,f5a60ade563dd9e80f0ecb02fe696cb8bb70968c,f5a60ade563dd9e80f0ecb02fe696cb8bb70968c,https://github.com/1weiho/open-slide.git
AgentDock/AgentDock,typescript,3,1,50b942bcab405be0e559fb593640b972f50ac890,50b942bcab405be0e559fb593640b972f50ac890,https://github.com/AgentDock/AgentDock.git
AgentWorkforce/relay,typescript,256,67,b45fb93842000f02f74a7c90ac4f5f4cccf3c5db,c369c44acb031011b3481604ddefa890653227b2,https://github.com/AgentWorkforce/relay.git
AgnosticUI/agnosticui,typescript,10,1,d18adbd61aaac4fc0d938a8e900010b8cfe4b0a8,d18adbd61aaac4fc0d938a8e900010b8cfe4b0a8,https://github.com/AgnosticUI/agnosticui.git
AltimateAI/altimate-code,typescript,191,41,8118e77d0ec62e5e46663e0b655ab678caac476d,f8b3454761fd9be32062d0b4819bc88bb1c56dbe,https://github.com/AltimateAI/altimate-code.git
AmintaCCCP/GithubStarsManager,typescript,4,4,91013bcdc7c445c70ca53e56709909ff2a8ffddf,e37131a2293728b10152151a6bad2535fdad3799,https://github.com/AmintaCCCP/GithubStarsManager.git
AndyMik90/Auto-Claude,typescript,143,29,9b472e497948d86bbdb0b85f9bb95081300ccb27,53b55468c96ee74dcfcce8fd714eb5d64624b3c3,https://github.com/AndyMik90/Auto-Claude.git
AutoMaker-Org/automaker,typescript,51,8,23ff99d2e2b14bb8ec9f94b470578dec0a6f1acf,71a0309a0b34783f902dc6489630d8bca6484da1,https://github.com/AutoMaker-Org/automaker.git
Bitterbot-AI/bitterbot-desktop,typescript,173,50,3b559b87085775f4356138d29c315afb6b0cc4ce,d22eb6509a793bc905e372579128ad7229f1959e,https://github.com/Bitterbot-AI/bitterbot-desktop.git
BradGroux/veritas-kanban,typescript,5,1,a5f54d6d4ccc7f8fd4226064fcd67701751a15d9,a5f54d6d4ccc7f8fd4226064fcd67701751a15d9,https://github.com/BradGroux/veritas-kanban.git
ChartGPU/ChartGPU,typescript,6,2,c1e38a5db315839a368e2442f55d6076ea1a4da3,fa52052279a8b3cd1b0c5ce1886e69e024d458d1,https://github.com/ChartGPU/ChartGPU.git
CherryHQ/cherry-studio,typescript,77,30,6c201228d9bd4186194eb7fd01a991ff390d4237,0276f00de16eca8767ca55b85e4fc9ae71e284b5,https://github.com/CherryHQ/cherry-studio.git
Chorus-AIDLC/Chorus,typescript,119,23,294df9e256655c791e9b6e7517eb4e69e17a2efa,f46c08e21339cf2bb6b0ba33b5e8e596969cc990,https://github.com/Chorus-AIDLC/Chorus.git
CodePhiliaX/youclaw,typescript,95,15,a30f546f00ac2f643d603b08740fdd7209e10892,9ae5acdcdbda2add694e6f9ff6cd9f1927c2698f,https://github.com/CodePhiliaX/youclaw.git
CodeWithCJ/SparkyFitness,typescript,14,7,e45d5e2ee1801ca917f9fe34590ac0b5a3b9d5f9,3fa4c84aea57702a8df0b37a2089f8b57b570ea5,https://github.com/CodeWithCJ/SparkyFitness.git
CodebuffAI/codebuff,typescript,10,1,ef01d522723e40d797ea4ec5d565b5070e8ec7c2,ef01d522723e40d797ea4ec5d565b5070e8ec7c2,https://github.com/CodebuffAI/codebuff.git
Comfy-Org/ComfyUI_frontend,typescript,55,24,577cd23c3e47cc463e160587c9dae2e43f5f1364,9617e498c92597c326fcc9ee939a420533fc0399,https://github.com/Comfy-Org/ComfyUI_frontend.git
ComposioHQ/agent-orchestrator,typescript,94,28,2b9a28a031158085bb4ade6cbb80c4fba6c07ecd,ecdf0c73eca18d9e9f837854dc209cb221d22bfb,https://github.com/ComposioHQ/agent-orchestrator.git
ComposioHQ/composio,typescript,20,8,057bd6d44415b6f47d419e0a3ba5b3b12a4b90e6,b283fbbccc17f0fd04c8675c6a742c3981713f16,https://github.com/ComposioHQ/composio.git
CopilotKit/CopilotKit,typescript,354,124,c87af717925af4b8ce306aa5cc28353a579ed8c7,af9547933d627e02348024475a2ab5261b181c88,https://github.com/CopilotKit/CopilotKit.git
CopilotKit/aimock,typescript,79,19,384639a8d8612dd75942c5349f2160ed397e8cf7,4dcb95b2292eb7ac183b02a0688ef4564339a3ee,https://github.com/CopilotKit/aimock.git
DaKheera47/job-ops,typescript,2,1,719a4fdb6098c417cc289c52c8dc716b5212b726,719a4fdb6098c417cc289c52c8dc716b5212b726,https://github.com/DaKheera47/job-ops.git
Dhravya/supermemory,typescript,1,1,9ad351feb091780aafe328473c5f39907de2d24b,9ad351feb091780aafe328473c5f39907de2d24b,https://github.com/Dhravya/supermemory.git
DialmasterOrg/Youtarr,typescript,9,7,a12f552606c5dcace9c0130c91c8bfced899a7fc,cb8f26782c8e3a04689c3ae1e435faf7cd171ae5,https://github.com/DialmasterOrg/Youtarr.git
EvanBacon/serve-sim,typescript,14,6,8ab9da6c914263b6d9b2f725f0bb5f8029568b21,ab5dd5af19b938f6bb553c51f6c1af9d7e394a25,https://github.com/EvanBacon/serve-sim.git
EveryInc/compound-engineering-plugin,typescript,5,2,b979143ad0460a985dd224e7f1858416d79551fb,59dbaef37607354d103113f05c13b731eecbb690,https://github.com/EveryInc/compound-engineering-plugin.git
FezVrasta/cafe-hass,typescript,1,1,12c3b53e5f82316d7bb1670d90353867b08ff2c2,12c3b53e5f82316d7bb1670d90353867b08ff2c2,https://github.com/FezVrasta/cafe-hass.git
Flux159/mcp-server-kubernetes,typescript,3,2,01c3b4d3b949f64ce6dfbc3ec0650d569adbbc72,8a46ce11e7690484b7339007d3c1973fcfe38695,https://github.com/Flux159/mcp-server-kubernetes.git
G4brym/R2-Explorer,typescript,30,3,e33e44f1736d01854f3de1dacd5e28dc9392a5d9,5c52c5db12b324dac0c1ec583ad99290b36e7831,https://github.com/G4brym/R2-Explorer.git
GeminiLight/MindOS,typescript,339,16,cd1c1467aca0652ae956028e3d9b2f4d8a666530,cb1f6c2c8a01e4249bfc78e1a512905cf34d98f2,https://github.com/GeminiLight/MindOS.git
HazelChat/hazel,typescript,17,3,f4e85eb992d7f72e68688e06a1184f32059a4a3f,582c92af06b0bddcd7fef1f8e4653dd8c68b8946,https://github.com/HazelChat/hazel.git
Helicone/helicone,typescript,9,6,6948f66ecfe82a6f6152645b022b7dab9ca694d8,fa247bc60c86a34225259131b108510da19959c8,https://github.com/Helicone/helicone.git
InsForge/InsForge,typescript,19,11,8fe3007e9dd0d1d0ea4d91266491a1027f634379,ac0942dbf9d4b39efc9a84429755db2d584c887c,https://github.com/InsForge/InsForge.git
JackChen-me/open-multi-agent,typescript,1,1,fef50e85f92511037318a52f1dfa2c86f2bcaa01,fef50e85f92511037318a52f1dfa2c86f2bcaa01,https://github.com/JackChen-me/open-multi-agent.git
JefferyHcool/BiliNote,typescript,3,2,58d992f28faf0bdeeea07f0f9fdbeee21eab472a,f79dc612fbe222854130cd8a036fb35cd47b41cc,https://github.com/JefferyHcool/BiliNote.git
JohnRiceML/clawport-ui,typescript,36,12,28c426953932b1a99f06292c882740e4ac2a1ac5,ecb4dbe62dc4f3c440d1f52387b0a666e3e5b37b,https://github.com/JohnRiceML/clawport-ui.git
Kochava-Studios/witsy,typescript,4,1,f46922c795eabaa349ec9fbad55f225991af3855,f46922c795eabaa349ec9fbad55f225991af3855,https://github.com/Kochava-Studios/witsy.git
LeslieLeung/glean,typescript,1,1,cdc05dd34df58d8d210e0cbed0ccc60108e4eeed,cdc05dd34df58d8d210e0cbed0ccc60108e4eeed,https://github.com/LeslieLeung/glean.git
Lum1104/Understand-Anything,typescript,20,16,a5327ce64d62cadb205709e64b64cfa29936d170,136f85c1c8e350a5c408e166b3533b7f4f519452,https://github.com/Lum1104/Understand-Anything.git
MadAppGang/claudish,typescript,18,5,74cf2cd734867b3a057cd18f58013f720d306247,1f667cb4ff646b9200de4407a0ddbd491bfb9479,https://github.com/MadAppGang/claudish.git
MemTensor/MemOS,typescript,4,2,0fc8beaca684a1ed7199fd140a4cdb21e1c85130,90fc40d171c8469d62a5869ba52f54efa9e5d416,https://github.com/MemTensor/MemOS.git
MohamedBassem/hoarder-app,typescript,6,3,03161482b44bd67f6eafb3e3d51107811b638d4b,b68ac513f65101b6bbde416134b7e3fbfcca910b,https://github.com/MohamedBassem/hoarder-app.git
Mr-Quin/danmaku-anywhere,typescript,2,1,f9f3fa157bffa7cf6af952e15efdc4509f54865f,f9f3fa157bffa7cf6af952e15efdc4509f54865f,https://github.com/Mr-Quin/danmaku-anywhere.git
NVIDIA/NemoClaw,typescript,45,21,8c114515e9cb5eec7a478d444021b8d435781d10,708020cbc44405b06d295753fb9d2c9acdf0f842,https://github.com/NVIDIA/NemoClaw.git
Nagi-ovo/gemini-voyager,typescript,52,28,739780cd2d5f5b006c47cd142ef1f4519d8f2475,9910b3d8b926b3c33c7d26fba3a5e62ed043999c,https://github.com/Nagi-ovo/gemini-voyager.git
NanmiCoder/cc-haha,typescript,106,23,0c6d2754b4d53cc58fa2507c79d90728eaf20c69,449ff0b0ffc768094d3005cd86286413c81e8206,https://github.com/NanmiCoder/cc-haha.git
NateBJones-Projects/OB1,typescript,6,1,f3eae3c5092df8696024af3199714ab27e8d7e13,f3eae3c5092df8696024af3199714ab27e8d7e13,https://github.com/NateBJones-Projects/OB1.git
OpenRouterTeam/ai-sdk-provider,typescript,24,7,b129d36987e4a635f86f28bead4259f79dc265d3,82e8014d2f82325db64e5eb6bf99a0cf781dafef,https://github.com/OpenRouterTeam/ai-sdk-provider.git
PaulJPhilp/EffectPatterns,typescript,76,18,1e889adfc5a3ae3a7ad3de52b20ddaa888c5d9d1,f25aa0223da56ba5c0ab49752f8dea6be1cc55b8,https://github.com/PaulJPhilp/EffectPatterns.git
Pimzino/claude-code-spec-workflow,typescript,13,4,b15cc74ca8382120234543c95ec4ab257921db10,3d489f1271271cbc50b164ffa29c0e745f041260,https://github.com/Pimzino/claude-code-spec-workflow.git
Prismer-AI/Prismer,typescript,9,2,d0db1598f7b56f4393b216810dfeba657096bb36,24d955140d80e8cc22af14133d53c02b83ab0492,https://github.com/Prismer-AI/Prismer.git
Prismer-AI/PrismerCloud,typescript,25,2,bb33825520d8efe3c13b7a09e678ca8a2f695352,bcea560660ad66153f21937f14eb42a4f6b2a2da,https://github.com/Prismer-AI/PrismerCloud.git
QuantGeekDev/mcp-framework,typescript,45,10,ed62bdd54f4c033adccc4ccdbf6885f68e2fd99c,300d89e3054897db93c788c13f3a9af2e8709f72,https://github.com/QuantGeekDev/mcp-framework.git
Rabithua/Rote,typescript,3,2,3c463c2d088ae183a77c3185d21b7b5818a8d3ba,3bc884c491d45bf7ac40478ab77254e6bab1e545,https://github.com/Rabithua/Rote.git
RayLabsHQ/gitea-mirror,typescript,2,1,58e0194aa62f79f122968970f1899df50392ffa9,58e0194aa62f79f122968970f1899df50392ffa9,https://github.com/RayLabsHQ/gitea-mirror.git
Rohithgilla12/data-peek,typescript,12,3,ff83bb33aed09acb73598d3874a0fdaa57025747,c9f8e4297dedc3ae6af6b6fb53e1ce1c7727df27,https://github.com/Rohithgilla12/data-peek.git
SawyerHood/dev-browser,typescript,22,3,a174718f5d6bc10a530180da3cb0423db64d239a,a2cbafb7ebcce7676af34e210fbfe992d79f1761,https://github.com/SawyerHood/dev-browser.git
Stirling-Tools/Stirling-PDF,typescript,18,4,7d7f1272e4b974999d57093179343113334a6e17,256d1a86d22f817f59cded2f4d1932bd190813a0,https://github.com/Stirling-Tools/Stirling-PDF.git
TanStack/ai,typescript,9,6,54abae063c91b8b04b91ecb2c6785f5ff9168a7c,496e8143435746965b10e0bbd12f26ebf04ae2a6,https://github.com/TanStack/ai.git
TanStack/db,typescript,34,13,0dede0ab75e66df9797d5c898defdc66685c6f91,c281b37d3ed9be13c6abce4d53c2d8be639da644,https://github.com/TanStack/db.git
Team-Commonly/commonly,typescript,71,20,fd1cafee9276537c12b992ab7c96916f114a1034,4822725adf8cba7a56793f6fc2cfcd7d06a35f7a,https://github.com/Team-Commonly/commonly.git
TechStark/opencv-js,typescript,3,3,1871ae4d79e61e656bf83f141490d504cc7f80cc,d484c8c69a2a61705a4828f982d680325eeff982,https://github.com/TechStark/opencv-js.git
TencentCloudBase/CloudBase-AI-ToolKit,typescript,3,2,7f39a75b9e74a47cb7c2c7365c064d3763c973dc,eba97e24035864acde2c74a33a9b3108329d68de,https://github.com/TencentCloudBase/CloudBase-AI-ToolKit.git
The-Vibe-Company/companion,typescript,158,39,39d3b9a56ceeb2b2c8522f4d3e221569dd53c5e4,900557406087116564707dad35810b0383de6020,https://github.com/The-Vibe-Company/companion.git
TraderAlice/OpenAlice,typescript,197,75,0505d324f6e9dce40a69c148804f21853cb44f4b,8493d15e19533059d4a4612208c471ab3344fc05,https://github.com/TraderAlice/OpenAlice.git
TriliumNext/trilium,typescript,24,16,2403b291dec0c3f65252d35373b0b69430bd0c0d,c9462ac972f248fdd736265968a7b8bbb4b06088,https://github.com/TriliumNext/trilium.git
Vrun-design/openflowkit,typescript,4,2,e0943879ca47cf2b9741a7e490ef53daee008b9f,71c75fbcaf6fadc72dc695d1b7dc4353cba1267a,https://github.com/Vrun-design/openflowkit.git
WW-AI-Lab/openclaw-office,typescript,9,1,77b09a89885808de4f2bb76a1ec30a6b16a6a39b,77b09a89885808de4f2bb76a1ec30a6b16a6a39b,https://github.com/WW-AI-Lab/openclaw-office.git
YFGaia/dify-plus,typescript,7,2,2b1245f37644f358b35cbce795908a5475498614,6e050da786bcdb7352b67802317e7b815a128094,https://github.com/YFGaia/dify-plus.git
Yeachan-Heo/oh-my-claudecode,typescript,740,130,fc67f6becf94274d5d90960cc3b569f1a599a86a,aca574b44c9d2c1e76e1cca1dcb1798e22ba86ee,https://github.com/Yeachan-Heo/oh-my-claudecode.git
Yonom/assistant-ui,typescript,19,3,a5c7e863a2e62cf5b8f1c7f120dbb8ff3624d2ea,73950929dbebadb275e3bdee23331f65f2635a33,https://github.com/Yonom/assistant-ui.git
ZSeven-W/openpencil,typescript,2,1,ced993c388475a22e6b66bb890f5976b399580f4,ced993c388475a22e6b66bb890f5976b399580f4,https://github.com/ZSeven-W/openpencil.git
a-bonus/google-docs-mcp,typescript,1,1,298ef5e050a2802c47a260407585bc9a14218b5e,298ef5e050a2802c47a260407585bc9a14218b5e,https://github.com/a-bonus/google-docs-mcp.git
abagames/crisp-game-lib,typescript,12,1,98516ec1d7543b2ab9d3b9a9ad08f424f57b9a91,98516ec1d7543b2ab9d3b9a9ad08f424f57b9a91,https://github.com/abagames/crisp-game-lib.git
abhigyanpatwari/GitNexus,typescript,230,50,8a100a76d307d12245cc8d2a1c04c6ffbd1a5088,dbd4e1c9fb1d2fe6866c651873078029464663db,https://github.com/abhigyanpatwari/GitNexus.git
acacode/swagger-typescript-api,typescript,9,3,9d493e8f64f133c403335d85cf6aaa15e125343b,306d59acb8ffbb00f953f807b97234b21f51d9de,https://github.com/acacode/swagger-typescript-api.git
accomplish-ai/openwork,typescript,75,16,95563e576578a84e6dc352727fa66f9064c42974,983c5e4781754dc605f90a945643a2352f3c39f7,https://github.com/accomplish-ai/openwork.git
activepieces/activepieces,typescript,39,13,00cf7eb7788aaa3a912e1f7c739a33eedf895147,d4f906359db41b95a4270ae632cade7b59e2ca6a,https://github.com/activepieces/activepieces.git
actualbudget/actual,typescript,30,10,c031d9aa4fe9d8d7faa603ea54addc5921c38d3d,208283a51720224ed70cba9a441d5510f8692c3a,https://github.com/actualbudget/actual.git
adaline/gateway,typescript,2,1,cdee026098a5b757d9dbeb85847eaaa7918d0e93,cdee026098a5b757d9dbeb85847eaaa7918d0e93,https://github.com/adaline/gateway.git
ai-that-works/ai-that-works,typescript,1,1,0df5a95d1c3ebcc5a9d42e7ed51ebcb14ea943be,0df5a95d1c3ebcc5a9d42e7ed51ebcb14ea943be,https://github.com/ai-that-works/ai-that-works.git
aiclientproxy/proxycast,typescript,2,1,0686737331b68e24b2f5329d6c4c2e2574b81d63,0686737331b68e24b2f5329d6c4c2e2574b81d63,https://github.com/aiclientproxy/proxycast.git
algolia/instantsearch.js,typescript,2,2,bbba058991ae6ab518bc0de4b68c9059cb6abfe6,55bd627dbacabd538b92aa1c8654ec3631e59ece,https://github.com/algolia/instantsearch.js.git
alichherawalla/off-grid-mobile,typescript,98,22,d769762a83c38f1298582d3aecb14a46cd9365c0,fa2af5ea4d903ee004f091b34970108d400803f0,https://github.com/alichherawalla/off-grid-mobile.git
alpic-ai/skybridge,typescript,1,1,711743f42d6f7cb8a5dd54413af3b3a0e9a0aee8,711743f42d6f7cb8a5dd54413af3b3a0e9a0aee8,https://github.com/alpic-ai/skybridge.git
amantus-ai/vibetunnel,typescript,18,4,824c9134d5fe911fbdb0d0f54176cf4b6b69b68b,274afcfe6780af0f64b478c52e4c41b20a52182d,https://github.com/amantus-ai/vibetunnel.git
anomalyco/models.dev,typescript,1,1,f96381a34dc919dca2a8c8dd68e3d8d4aacb51d7,f96381a34dc919dca2a8c8dd68e3d8d4aacb51d7,https://github.com/anomalyco/models.dev.git
ant-design/ant-design,typescript,7,3,b51a7d2004ebfaae79aae53ca875007fee90fdca,2bb5d832739964d593cb2abad6181375ef6f6b82,https://github.com/ant-design/ant-design.git
ant-design/ant-design-pro,typescript,5,1,a4d91e49a1bec35676d5d08e22c5ff96e28eafd8,a4d91e49a1bec35676d5d08e22c5ff96e28eafd8,https://github.com/ant-design/ant-design-pro.git
ant-design/pro-components,typescript,2,2,df9e98b5dfeda62b20cc600a60e7c9106f548574,14aa504c183e8f44533cf11bdf05cf870f8125f7,https://github.com/ant-design/pro-components.git
antdv-next/antdv-next,typescript,8,4,1f608f144b3ab8c84054fd4efec7063dcb38044f,b9c297f7201c6986548244bc606d20c39321d022,https://github.com/antdv-next/antdv-next.git
anthropics/claude-code-action,typescript,37,13,f66f337f4e2000f427352c56f5537b872ab337eb,ee2b19d8820907c22bd4d397bf63f8121a8b25b4,https://github.com/anthropics/claude-code-action.git
anti-work/shortest,typescript,2,2,a881b06543468c61f23cbe533515c848f281145a,bf4c2a11d8bce55598e34307d48767e64e314371,https://github.com/anti-work/shortest.git
antvis/g2,typescript,3,3,22bd63cf2b91846b3138658b5718f0d85d50cf63,93648c7fb5744e19bea182091ff76ea8377285b1,https://github.com/antvis/g2.git
anyproto/anytype-ts,typescript,2,2,cdd24ea12ba52b1ce2ede26ce28384cd5ca22e9f,974cb453b5c5645972b6b2ee7e34dd75b0ba1d9b,https://github.com/anyproto/anytype-ts.git
apache/superset,typescript,120,52,1dc22a90028fac336a1e58e142e2ad3a096e6934,a27ec1923e54782f9213a1bab0acd0706b20af66,https://github.com/apache/superset.git
apify/apify-mcp-server,typescript,2,1,04ab7040283e69c859f0e783aa67fa0f34458118,04ab7040283e69c859f0e783aa67fa0f34458118,https://github.com/apify/apify-mcp-server.git
apify/crawlee,typescript,5,2,a89cb5abc06ddaa841c98b9b29af13b14dea98f5,af9cb8c68c8299e39fd2c40c3ff411e35d8a03f3,https://github.com/apify/crawlee.git
apify/mcpc,typescript,12,4,f1bf0395830b74a0a9d574e8004bb150b21eaf75,acd846ab736c4b4c5047418afc0b085297eb6843,https://github.com/apify/mcpc.git
appsmithorg/appsmith,typescript,3,2,470aa9ea18146ca8a7d67e295b9cd49da52d893c,b32721f659ee7dcd101552097002b92d046484bc,https://github.com/appsmithorg/appsmith.git
arabold/docs-mcp-server,typescript,7,4,5344a4952ec3aed3438bd6e7faeab6abe5f42390,144fcee99d496fa86da8072a6d9d21e23c8bc5b3,https://github.com/arabold/docs-mcp-server.git
argos-ci/argos,typescript,10,8,a30ee3c5301da2e7888e540c1b57f6ae25ffd815,fc1949da7780779490ddc5ba5c8e8ac5cfc70d79,https://github.com/argos-ci/argos.git
artsy/eigen,typescript,1,1,c925a24c4843724f5b66dc3ea4a0e1336216e5de,c925a24c4843724f5b66dc3ea4a0e1336216e5de,https://github.com/artsy/eigen.git
artsy/force,typescript,9,5,5a006835796ec6423e129ce7efbd618bad93357b,8a94818643cb6c1500446c97255df8a484fafa4d,https://github.com/artsy/force.git
assistant-ui/tool-ui,typescript,1,1,0a788a801f18d2f183533bc9495af82641bc3b8b,0a788a801f18d2f183533bc9495af82641bc3b8b,https://github.com/assistant-ui/tool-ui.git
astashov/liftosaur,typescript,4,2,f1b5b1a73098ba3691da209804f6a4ab6515dbce,1ce0ce7f2630809f7ca450c62cab1b98425972ed,https://github.com/astashov/liftosaur.git
audiusproject/audius-protocol,typescript,8,4,0cbaf44028dd026b27dc30230d1abc1dd99eb31b,a6e8c2e151ccd98b9f391fc735eec42fda28b54d,https://github.com/audiusproject/audius-protocol.git
audreyt/ethercalc,typescript,17,6,99932e35e5df2010eb65c175e553ade84466ac78,54c191e9c2516f214f3b057fda5b3697da60ed72,https://github.com/audreyt/ethercalc.git
automattic/wp-calypso,typescript,72,38,f3492ed35d5a43b5b65c632da81cb119e39fcbe6,9c6a3fa7753abf2b2d91870b48c52d308909ff66,https://github.com/automattic/wp-calypso.git
avihaymenahem/velo,typescript,41,11,9d6a84714424b566cf28b02b1141b5b22abd297b,9224ae94b2b65817224a1b1cee2b30af0ce8f1d9,https://github.com/avihaymenahem/velo.git
avitorio/outstatic,typescript,2,1,01a866b4c7352d655dfd49600e9eafd7769eb2d3,01a866b4c7352d655dfd49600e9eafd7769eb2d3,https://github.com/avitorio/outstatic.git
azure/azure-sdk-for-js,typescript,176,17,38abf3ed45375b4b0f5a0c5e2259d7dc0064af4f,56d7d95847ca53eaae703c3938677d7cb822bb34,https://github.com/azure/azure-sdk-for-js.git
azuread/microsoft-authentication-library-for-js,typescript,54,5,fc194a3a63bea62c843e79b4460d9e25773865fc,50542635cb0ddf6f9544114e3aed8495beb0320c,https://github.com/azuread/microsoft-authentication-library-for-js.git
backnotprop/plannotator,typescript,10,4,1701424b4e0db6ea4f9c31df960d0f8ab563b313,6b775ea1ed7b4f956cc3a67022c78c68243f0dcd,https://github.com/backnotprop/plannotator.git
badlogic/lemmy,typescript,2,1,5464289ee263859f87ec06c75957518f05541ef8,5464289ee263859f87ec06c75957518f05541ef8,https://github.com/badlogic/lemmy.git
bearer/pizzly,typescript,20,8,3eee18d7812c7bf8fb4967e61cc3c85389fdcbd3,dd3c637fda18df8b7c13a145b5d175047bcadee7,https://github.com/bearer/pizzly.git
beekeeper-studio/beekeeper-studio,typescript,35,14,077afcd16f756e4f3584e12f05fe1190faea16ff,73c3c1117a16888c000fccc850fe3c433f0cf708,https://github.com/beekeeper-studio/beekeeper-studio.git
benjitaylor/agentation,typescript,8,4,a5417438d8a9e9f61fd51925daac8d4c8cb548fe,9574066ab52a4b19431bc75fa8e8216e60de2883,https://github.com/benjitaylor/agentation.git
better-auth-ui/better-auth-ui,typescript,2,1,8411579ea0f3943ee9c639e353d0e578db0bd53a,8411579ea0f3943ee9c639e353d0e578db0bd53a,https://github.com/better-auth-ui/better-auth-ui.git
better-auth/better-auth,typescript,11,4,e88ea0bd66762827c01c548d77e0e388834e2892,a26333b5fb1a044e76c18385441d3ecc2240ab70,https://github.com/better-auth/better-auth.git
bgauryy/octocode-mcp,typescript,2,1,d7d35b905a370f6798fb92fc12bb4ed64bde6b79,d7d35b905a370f6798fb92fc12bb4ed64bde6b79,https://github.com/bgauryy/octocode-mcp.git
bitwarden/browser,typescript,8,1,6133d0ce49f94f39a59f4f1064750ceb4fba9d8f,6133d0ce49f94f39a59f4f1064750ceb4fba9d8f,https://github.com/bitwarden/browser.git
blinko-space/blinko,typescript,1,1,1a8cdcdce8825bb7ebfcef92e3ccb01ac442331e,1a8cdcdce8825bb7ebfcef92e3ccb01ac442331e,https://github.com/blinko-space/blinko.git
bluesky-social/adx,typescript,5,2,331a356ce27ff1d0b24747b0c16f3b54b07a0a12,700074694157718e33c974b666f4563f9647a50c,https://github.com/bluesky-social/adx.git
bluesky-social/social-app,typescript,1,1,4f1d4821c541fe4e1040fb526d7f61c05b886ea4,4f1d4821c541fe4e1040fb526d7f61c05b886ea4,https://github.com/bluesky-social/social-app.git
bluewallet/bluewallet,typescript,1,1,dab363dbd75de0083503ed26f60204d9d9afd598,dab363dbd75de0083503ed26f60204d9d9afd598,https://github.com/bluewallet/bluewallet.git
bluewave-labs/checkmate,typescript,2,2,97353bc7d263ab22591d61b181e45e3e1321c1be,9210259511f92d6000b8c8ab414da32ede15e6e4,https://github.com/bluewave-labs/checkmate.git
bootstrap-vue-next/bootstrap-vue-next,typescript,6,2,59d1e809f57b7443faa7d53dcb6db7b6f0c8ea97,96073d81f5e2dfbe8a306a07ef49b4c346640c73,https://github.com/bootstrap-vue-next/bootstrap-vue-next.git
boxlite-ai/boxlite,typescript,7,4,cac620c069d0c25bf667f5dc97e0ff0b70fe5090,9a438c1652a57a0f0eb5c3f242cd41b74529ff6d,https://github.com/boxlite-ai/boxlite.git
bradygaster/squad,typescript,81,31,efb56ac6feab47805df1b04a0ec71328f4f9c41b,7e3e8a4d5e128ce3d6cb059f8492a98b95d28a26,https://github.com/bradygaster/squad.git
breferrari/obsidian-mind,typescript,8,1,f72760b7b9c9ea140a7d4261d89094fdd3e790d9,f72760b7b9c9ea140a7d4261d89094fdd3e790d9,https://github.com/breferrari/obsidian-mind.git
bring-shrubbery/SVG-to-SwiftUI,typescript,1,1,e6589be4576c621264f3d2c37a53abce90dba694,e6589be4576c621264f3d2c37a53abce90dba694,https://github.com/bring-shrubbery/SVG-to-SwiftUI.git
browserbase/stagehand,typescript,51,10,e38c13b7526b140b693152ef1ffda88a74e9c425,4ee8d9948c143e114b33b8b63b90c75daec1545d,https://github.com/browserbase/stagehand.git
browserless/chrome,typescript,6,3,15ace792dad1c67d9e1cfebefd12d6f5b0fe46cb,46a5bdc0cfd4d05f1d020b13506e32bcae127471,https://github.com/browserless/chrome.git
browseros-ai/BrowserOS,typescript,2,2,2e1fc2e8f995197404d1286ea7d5a2546b10e01f,f865d301a2b11db6a893dbcb872284bf3f636a52,https://github.com/browseros-ai/BrowserOS.git
budibase/budibase,typescript,16,8,e6abf8eaaba39c209964ba21bf7feb820f145e5f,24b6e70e12c17f60b3f4cb8251da53f7242fd067,https://github.com/budibase/budibase.git
bytebase/dbhub,typescript,18,9,d7cdd460dc53282433b7574d0fdbe1b89f30c1a1,ff0a9c96e82a3f5744406a4463a30c68a7484414,https://github.com/bytebase/dbhub.git
caldis/react-zmage,typescript,5,3,154e70fa68d0fa9ec1046952fd999f728bfad3d8,c9a70f7546ecfea58d4afde648dfda44ba1d85b7,https://github.com/caldis/react-zmage.git
calendso/calendso,typescript,143,70,8889e8566c9bdc7a21159b55dd03bc5b2805a3e4,25857c07e11bd9681a18f1551276884ba633f2fb,https://github.com/calendso/calendso.git
caliber-ai-org/ai-setup,typescript,2,1,cc337580a7b47117d4e0edad100017f005c0fc10,cc337580a7b47117d4e0edad100017f005c0fc10,https://github.com/caliber-ai-org/ai-setup.git
cameroncooke/XcodeBuildMCP,typescript,9,4,714cc7696d1c230e338649784bac2b7f3ab7f99c,03e0a23c3d6a43e8714d5a35763f196ed179bee8,https://github.com/cameroncooke/XcodeBuildMCP.git
campfirein/cipher,typescript,94,25,8c041bf088f46f90cb281c80d0bb2191f98c0759,0ed3309e97234c102a0d76378c1b24b17aa1fdd8,https://github.com/campfirein/cipher.git
carlrannaberg/claudekit,typescript,89,15,a0c0ec8ddb13b6aa5284ad68b79500df723c975f,9c34d3eb4f82df2e430cabe0beaa7db6c9d69657,https://github.com/carlrannaberg/claudekit.git
catlog22/Claude-Code-Workflow,typescript,52,8,08dc0a0348aba213184099343d32362e1ecaef12,12be252e8e37da2daffe85c5171ddd21e5da35dd,https://github.com/catlog22/Claude-Code-Workflow.git
ceedaragents/cyrus,typescript,37,19,474400d798953dd6b4fb1e224834ba26925452c1,f3bb41a916b127c0611f67fd59aab52177544d81,https://github.com/ceedaragents/cyrus.git
chainsafe/lodestar,typescript,2,2,ce2871791a0fbbb1400cc397890c235d91de8e8d,c35b4283f1527b1a5ef310072b4bfa75c5e8b28e,https://github.com/chainsafe/lodestar.git
chaterm/Chaterm,typescript,2,1,672d5409e3a9904ba0ea312d7a747e60e6fa2868,672d5409e3a9904ba0ea312d7a747e60e6fa2868,https://github.com/chaterm/Chaterm.git
chatfire-AI/huobao-drama,typescript,8,2,a6d9a832bd4f9cb01a24f3e4ed97089d436b9250,cee1468a53f7dc6df84637d47802bfb685788068,https://github.com/chatfire-AI/huobao-drama.git
chenglou/pretext,typescript,1,1,dfd40ed3767bc61dfb7cee939bb528541b907c7c,dfd40ed3767bc61dfb7cee939bb528541b907c7c,https://github.com/chenglou/pretext.git
childrentime/reactuse,typescript,2,1,92f3cc362f6f6168092e3cf856bfe6ece9dcb593,92f3cc362f6f6168092e3cf856bfe6ece9dcb593,https://github.com/childrentime/reactuse.git
chrox/readest,typescript,153,73,0e8605d2988a8df4aa20604080174e55af52290d,e982af17250a4989269b180ab49db374e8439f5c,https://github.com/chrox/readest.git
cita-777/metapi,typescript,1,1,c308a3ed7c1a80a1150f551532dfa7e95df64619,c308a3ed7c1a80a1150f551532dfa7e95df64619,https://github.com/cita-777/metapi.git
civitai/civitai,typescript,157,66,b2a862e9d284dfdd441698c30f678b55593e0cc7,d6983bdaefe039b2a7271378f12e8b453dc7a2da,https://github.com/civitai/civitai.git
claude-code-best/claude-code,typescript,265,31,25839ab45431fa48719d70cdf11622c0f478e2e6,6c633744f4097fae04b3cba79f045445b1ed43c9,https://github.com/claude-code-best/claude-code.git
clawwork-ai/clawwork,typescript,8,3,9f7e8c3ce85c5e9fcd02eddd41d235b6d85982ae,67180228be85e743e97e1e3fd6e026b42b15cfc0,https://github.com/clawwork-ai/clawwork.git
clerkinc/javascript,typescript,23,6,ff335a09f311da62a4b588964b89d59297d73afe,c722955d0ce5a6aee21c50ba4ff4b08de1171fab,https://github.com/clerkinc/javascript.git
cline/kanban,typescript,4,1,7d57f04c306ff0d6021c7428f20723905e28fcf1,7d57f04c306ff0d6021c7428f20723905e28fcf1,https://github.com/cline/kanban.git
cloudflare/sandbox-sdk,typescript,9,3,5b0ce89eedb63d9920eaf82046a12e3837e1b660,c6bf7dc48fa3f0199b57ab74753ffa066d09ab92,https://github.com/cloudflare/sandbox-sdk.git
cloudflare/vinext,typescript,4,3,fa03a06bea9f28512baad2a66ff14b1b47b9001d,59ddd0adede8287f66292eba98e2d164a7446954,https://github.com/cloudflare/vinext.git
cloudflare/workers-sdk,typescript,25,11,07c8611b69721e8aa1300ba209dc45a75173e1d7,0e055d39c51dda77717515adb1a33610d385a724,https://github.com/cloudflare/workers-sdk.git
cloudhut/kowl,typescript,6,4,63e2333cf23eb4cfb6412efa2f9246a82a19e98a,05acb990a4d4df295b400ee29e8d758c0634664e,https://github.com/cloudhut/kowl.git
cnpm/cnpmcore,typescript,14,2,17b1b81eeaf21af6fa36e055bee0467aa99717ef,1729848b3db61808ec87dd534a6391bd052c025a,https://github.com/cnpm/cnpmcore.git
coddingtonbear/obsidian-local-rest-api,typescript,3,2,aec442cc898735f69b2c8e323b6cd420f4c21c45,fdc97f9e652e0d38cb43911d31f827a12b248fc8,https://github.com/coddingtonbear/obsidian-local-rest-api.git
coder/mux,typescript,4,1,c9b55d859fdea15ac24fe1c88572543faa5792d0,c9b55d859fdea15ac24fe1c88572543faa5792d0,https://github.com/coder/mux.git
codigoencasa/bot-whatsapp,typescript,11,2,f30ecf1b5cf074724e781381b8bcd3808f3045af,931bc685d427fcb62606da3430110bd5f3cc711e,https://github.com/codigoencasa/bot-whatsapp.git
coinbase/onchainkit,typescript,1,1,4d201337df3f6edd8002e6c44472da9bcce56905,4d201337df3f6edd8002e6c44472da9bcce56905,https://github.com/coinbase/onchainkit.git
coinbase/rest-hooks,typescript,2,1,63633c714b5c041e04891255683e5a899c3d3f22,63633c714b5c041e04891255683e5a899c3d3f22,https://github.com/coinbase/rest-hooks.git
colbymchenry/codegraph,typescript,140,58,41c49ce83d78bfc361d4bf482b570fefb9cb2416,a89315645dd4919f1e7c251b562c6c377e7f03ad,https://github.com/colbymchenry/codegraph.git
coleam00/Archon,typescript,42,9,05b1c32bf2d35ad67f369b642ef57d790d7cb53c,d7f36b22ddcaa337cc1ab4ec152497b19c176056,https://github.com/coleam00/Archon.git
compiler-explorer/compiler-explorer,typescript,12,7,ad5bec7626b711763697cdde34993ea16c53bed6,fa456a81f3f218b9cfdc4dfd249fd66cfda38b61,https://github.com/compiler-explorer/compiler-explorer.git
containers/podman-desktop,typescript,13,6,38657eb1d215db9c1b1d6731099521ba72fdb830,74951a0f542d72e132f2d6f497019ea82d246fa5,https://github.com/containers/podman-desktop.git
crowddotdev/crowd.dev,typescript,3,2,af6a4601d8f4b6df4685cf77acb37cc47017dce5,0d84bc3ff07790b7b528255d3e157f433b70585a,https://github.com/crowddotdev/crowd.dev.git
crowi/crowi,typescript,265,103,d826cd01b80255a9ba039d64a50d086b11009e2d,f647cdcbc1fffc860693696f377cebd30d90603d,https://github.com/crowi/crowi.git
cyl19970726/poly-sdk,typescript,16,4,be3b77ecafafd0db9cf67c49c644c021ccb3375c,d9a771b465197393bd927fd5f816edc5f6ad94c8,https://github.com/cyl19970726/poly-sdk.git
cypress-io/cypress,typescript,14,9,b911a8d332293257458ede2d994000d4f3568f90,c5616c24ff6f6486bc08d431e6522bb9ef7d66ea,https://github.com/cypress-io/cypress.git
czlonkowski/n8n-mcp,typescript,270,52,1f8140c45c0ef83dbcd369dfb9a4e24370899303,906d6bfd1a83ec32cf0ed2f65049f54ae9d3e157,https://github.com/czlonkowski/n8n-mcp.git
d-kimuson/claude-code-viewer,typescript,24,12,097b28e6a6ee13cbb7d6209632751e311d648b8b,69e3f29156d98b8c66b84fda930333ae8c1e899d,https://github.com/d-kimuson/claude-code-viewer.git
daangn/seed-design,typescript,11,5,576c2e602de44bacdad8991cf6be2d369ace73f5,69e3b9726531cc435df162172895b967e8943495,https://github.com/daangn/seed-design.git
dailydotdev/apps,typescript,28,20,9ab8527c06dc6d7b5b56205029294e54ab32d838,8c2ec172e9a9282856db2b90b08f6cb0c5b478a1,https://github.com/dailydotdev/apps.git
danny-avila/LibreChat,typescript,8,4,4d6ea3b182e508ecb70d0b67c2b2bd475c8e63c3,dffd27f883a747f1a3eaa7970deae4f0a6914b28,https://github.com/danny-avila/LibreChat.git
darkroomengineering/satus,typescript,1,1,bcc6c7d2b77f36e3c7728ffce92a5f666c816a41,bcc6c7d2b77f36e3c7728ffce92a5f666c816a41,https://github.com/darkroomengineering/satus.git
davepoon/claude-code-subagents-collection,typescript,3,1,4cbf4794bf62f075075864de53ca7b0782203dbb,4cbf4794bf62f075075864de53ca7b0782203dbb,https://github.com/davepoon/claude-code-subagents-collection.git
davidmonterocrespo24/velxio,typescript,111,35,b166b8de37e712d07f0d7d202f80ed0e47f77d19,8aa6e93460cf8edce1fbbdaa9627445cb5490bcd,https://github.com/davidmonterocrespo24/velxio.git
deepnote/deepnote,typescript,4,1,119b50aa9f5a4ce743c419b4ad2a3a42926937aa,119b50aa9f5a4ce743c419b4ad2a3a42926937aa,https://github.com/deepnote/deepnote.git
diegosouzapw/OmniRoute,typescript,4,3,153a421354eb241031be0ef9dd0a24d59566c2a9,5e949276d4e4bf546f0fa3e6266cb30b70422aea,https://github.com/diegosouzapw/OmniRoute.git
ding113/claude-code-hub,typescript,70,26,668d939b40288bbad69669bbc8161ba5203053ea,549defa68acb8e97a3b5bbb3557154aa42c7b96b,https://github.com/ding113/claude-code-hub.git
directus/directus,typescript,24,8,ad407d60c55f1b146a963df982dee561157e5eb9,e4b20cb4ce32b5b013bc6bc023529685bfa867e6,https://github.com/directus/directus.git
dmno-dev/varlock,typescript,45,18,c0d994297289206c6f9516151a313b0a429dc454,b7dc7716811ed8f6dba9e63d92bd9ef86c6caf9d,https://github.com/dmno-dev/varlock.git
dohooo/helmor,typescript,3,2,3ff10422c002599098df3393724cb79275185dcb,df69507ae81dfff4fa78df25ab2d419711d861ca,https://github.com/dohooo/helmor.git
dotnetfactory/fluid-calendar,typescript,4,4,48b72fe99d430c1265ca141eb770b6fefaafc749,a3af77b04fb05a544a7e4750893b3bf179f9a646,https://github.com/dotnetfactory/fluid-calendar.git
duanyytop/agents-radar,typescript,5,1,1007bbc7d0dd039331ee60ed9cd5fa9bbbe6658f,1007bbc7d0dd039331ee60ed9cd5fa9bbbe6658f,https://github.com/duanyytop/agents-radar.git
durable-streams/durable-streams,typescript,67,15,07c8b434503a991ba9c2053f4040c8fd7f5f9c58,c5afb3463a8cc2732b05fedbc4a951d75672f125,https://github.com/durable-streams/durable-streams.git
dust-tt/dust,typescript,33,10,bc0e68a594ae9352b2a21814153b5346dc91b3cd,2592347619cbead56adc9d9ae37d6872855a749b,https://github.com/dust-tt/dust.git
dyad-sh/dyad,typescript,43,19,3deb70b114cdc6dc76977de724b43ff458d83ff3,72545ec3260ee0fafdcecf0521d5e7004a6b408f,https://github.com/dyad-sh/dyad.git
dyoshikawa/rulesync,typescript,326,65,24fb36e790c128b6742d3400134771d25fdcbf2c,bfdc3f0bd722daf9de278ec85652092c5c0e28f2,https://github.com/dyoshikawa/rulesync.git
eclaire-labs/eclaire,typescript,46,7,cc2ab38761e1059368479ff562174e8a62968b8c,6935647ad44973ec383c3db1de0b966cec3ecd8c,https://github.com/eclaire-labs/eclaire.git
eggjs/egg,typescript,448,20,ea6515b04a0626c7facd7801d0faa71181d81736,4f49d4b6874837f4e245d744684ffa79184ecf4f,https://github.com/eggjs/egg.git
eigenpal/docx-editor,typescript,39,19,80d8e56a7d2f6834922153511d0d7ebec8669a10,9144b69fe5e39d6d6285747851b69d7ea6897a68,https://github.com/eigenpal/docx-editor.git
ekalinin/sitemap.js,typescript,2,1,9dbedf2860ddceb69a2e407c919d9b7306937ffb,9dbedf2860ddceb69a2e407c919d9b7306937ffb,https://github.com/ekalinin/sitemap.js.git
electric-sql/electric,typescript,39,16,64dcfec765538eae43708a0d2a8ee271394ef27b,56fa8c3e67a299ab085bf845fcc0fac131259711,https://github.com/electric-sql/electric.git
electron-userland/electron-builder,typescript,1,1,a5d8ab9436dd7db0c58a08cf9594e47613c4fc8e,a5d8ab9436dd7db0c58a08cf9594e47613c4fc8e,https://github.com/electron-userland/electron-builder.git
elie222/inbox-zero,typescript,91,42,15adcc475eae4c50b1dae93e2e5d61a3f2b690ff,c329efcb585685456166dacd8a0ab8611cc7eca1,https://github.com/elie222/inbox-zero.git
elirantutia/vibeyard,typescript,73,32,cdb944b32c7e403196f71db7ea6edc69c64f847a,2a48437ce2502a01678cd5c06d7436af3835fc2f,https://github.com/elirantutia/vibeyard.git
emdash-cms/emdash,typescript,42,17,e1014eff18301ff68ac75d19157d3500ebe890c5,cf17c9f4c8faa46857d92d4b168452d2469dba4b,https://github.com/emdash-cms/emdash.git
enulus/OpenPackage,typescript,2,1,57c5ed04d205777668937836ee3251a2cc75b2e4,57c5ed04d205777668937836ee3251a2cc75b2e4,https://github.com/enulus/OpenPackage.git
epam/ai-dial-chat,typescript,1,1,235fe7d70e03d166e8397a6be639524f85ab1443,235fe7d70e03d166e8397a6be639524f85ab1443,https://github.com/epam/ai-dial-chat.git
ericblade/quagga2,typescript,10,7,dc17b13bc2a3486081b32cb771a221159c849d29,dd9a8d365adb05ed30dade284602e47ba1ead1a0,https://github.com/ericblade/quagga2.git
erxes/erxes,typescript,6,1,83ff2c3a0c5cfc336824be8989098082042c5a09,83ff2c3a0c5cfc336824be8989098082042c5a09,https://github.com/erxes/erxes.git
ethereum/sourcify,typescript,2,1,7b2630e6a437b26bea8d932f7480d734eade1ba5,7b2630e6a437b26bea8d932f7480d734eade1ba5,https://github.com/ethereum/sourcify.git
event-catalog/eventcatalog,typescript,59,11,19696f3c616e0ebd79225562e0350a38eaf2d707,3334ab15ef9df09e7d4ed3ce5da30a711613918e,https://github.com/event-catalog/eventcatalog.git
ever-co/ever-gauzy,typescript,5,1,0278f4e96891fe916e27f0d9672e733cef185b6e,0278f4e96891fe916e27f0d9672e733cef185b6e,https://github.com/ever-co/ever-gauzy.git
expo/eas-cli,typescript,6,3,4e95a29797520e592481772f49fc7dcdf33d7603,792af28a5d0f77fedfa61064d49702783e34a2a8,https://github.com/expo/eas-cli.git
expo/orbit,typescript,1,1,8f463c94a27f0dd6f9fe61b7f3473bc9484bc18a,8f463c94a27f0dd6f9fe61b7f3473bc9484bc18a,https://github.com/expo/orbit.git
f/prompts.chat,typescript,27,3,0ce1a0e35de9f3318aac5531d0e6287488ed18f1,7d0cbaad9690cce3e10173d92961c37027750bda,https://github.com/f/prompts.chat.git
facebook/lexical,typescript,8,4,2c37dc2c060521fddfedafd1768f05eb8f4c889c,eaaf18cf1dcc25d47a8de17793dbecfd4807d34e,https://github.com/facebook/lexical.git
fand/vfx-js,typescript,6,2,2bfcfe0f04572be7b5b90f2f4226418654a5db17,ddc4a293eddee19904ec16c430206390ee91ac76,https://github.com/fand/vfx-js.git
fastrepl/hyprnote,typescript,9,5,0a2649a045ac593b207d33d0431e00683f0df1a8,61d08d6d6505f0fa641bbf9127c6c95c6f585ee0,https://github.com/fastrepl/hyprnote.git
fathah/hermes-desktop,typescript,8,4,5ac14e27d0078345b96682035300f44d520da478,665ba542b77e8a49ada4b30a2765d3c066cbc7e1,https://github.com/fathah/hermes-desktop.git
fccview/degoog,typescript,2,1,8147fa6917f57258f4910aff4c7c4d6f4b4e8643,8147fa6917f57258f4910aff4c7c4d6f4b4e8643,https://github.com/fccview/degoog.git
firebase/genkit,typescript,5,1,c4f31c76780708fc8dcd0a740cd8e711db55fbb8,c4f31c76780708fc8dcd0a740cd8e711db55fbb8,https://github.com/firebase/genkit.git
firecow/gitlab-ci-local,typescript,1,1,fcccb7ecf715efc151b42ff8c7379ab013b432b7,fcccb7ecf715efc151b42ff8c7379ab013b432b7,https://github.com/firecow/gitlab-ci-local.git
first-fluke/oh-my-agent,typescript,15,6,de28489d3e8cdb185a307060061398148d2a3898,85aff4f50e7cc9c60a12bbf4715a49fdd5355878,https://github.com/first-fluke/oh-my-agent.git
flowglad/flowglad,typescript,107,49,7fbf35784b64f96a40d94c88926aff72b921a7f0,ccb30f0636ec779fc7e3cf5497240b497790bfaf,https://github.com/flowglad/flowglad.git
foambubble/foam,typescript,2,1,9dc8930b8ea6386a35413e662d0b853f87843e70,9dc8930b8ea6386a35413e662d0b853f87843e70,https://github.com/foambubble/foam.git
fonoster/fonoster,typescript,1,1,7d9e9e2c0df289973f43b897d9b7ae680b03b50a,7d9e9e2c0df289973f43b897d9b7ae680b03b50a,https://github.com/fonoster/fonoster.git
forcedotcom/salesforcedx-vscode,typescript,13,6,a5c93fccb18d02c1289327dd5c85b51dea0ddfdd,374e30fc02d4c03ef48a3f307f11a22385030c1b,https://github.com/forcedotcom/salesforcedx-vscode.git
formatjs/formatjs,typescript,4,2,9cc3087bfd45a85982313e0597f1052787574349,549044db21307c318e0456303d27e526b65a2c46,https://github.com/formatjs/formatjs.git
freelensapp/freelens,typescript,15,3,88b64d1a352590e16383ce89115f4969356b85ea,c76e478d817f6b6cddd00f6d85f244539d663465,https://github.com/freelensapp/freelens.git
galacean/effects-runtime,typescript,2,1,c526419e61135c676b8788cac17b85e8a0dca8f1,c526419e61135c676b8788cac17b85e8a0dca8f1,https://github.com/galacean/effects-runtime.git
garrytan/gbrain,typescript,457,66,ecebd5552a37ea992bdae507654081b5326e04a5,7ea92d602c4fe8a7070dfc8fa5e86f88c8c4fa71,https://github.com/garrytan/gbrain.git
garrytan/gstack,typescript,157,35,3d901066cdb34602675d41dd70b165a6f1a7347c,1d9b9c4cfcce7d8347b1e063008ab0bcdf314b70,https://github.com/garrytan/gstack.git
generalaction/emdash,typescript,5,2,e46aa594f7904199cd5064e21855dfa7a4f2e134,1eaa864507a8f3577937077ec6dc1e7f3f123bd3,https://github.com/generalaction/emdash.git
get-convex/better-auth,typescript,3,2,135ac0e0c25f8afe19d05ab1bdca3c995d16a0cd,1977ce573795f1408b32636fd8ba9d1285e8ec46,https://github.com/get-convex/better-auth.git
get-convex/convex-backend,typescript,1,1,a57afaf6f786046952f028d8fffcb86f65626c81,a57afaf6f786046952f028d8fffcb86f65626c81,https://github.com/get-convex/convex-backend.git
getagentseal/codeburn,typescript,1,1,553cf2d7068312cf5022c4855bdc92831073515f,553cf2d7068312cf5022c4855bdc92831073515f,https://github.com/getagentseal/codeburn.git
getnao/nao,typescript,1,1,86ce4ba61e441908d5e049688a93ad82c09995cb,86ce4ba61e441908d5e049688a93ad82c09995cb,https://github.com/getnao/nao.git
getpaseo/paseo,typescript,14,7,37a363da6deafcd056a6d5bfc693782ed16419bb,4b12ebd5c00e2e6d20fe062d57d5ea4234626d4f,https://github.com/getpaseo/paseo.git
getsentry/sentry-javascript,typescript,41,20,ba3728d782e2c7bfbb0c9ffc205de3a9b9237201,6aae824dc2ab4b3f73777738a893b33611f914a4,https://github.com/getsentry/sentry-javascript.git
getsentry/sentry-mcp,typescript,9,6,5cf76f4cb0481dbe70b23205a5e46e692d5f5b5a,a74b6852df906a0d6e4c02c992bfb3f7633cdf65,https://github.com/getsentry/sentry-mcp.git
getsentry/sentry-react-native,typescript,39,19,6c36ba51562f95ff1e81726ffc3fc917dc97a78d,0bd8916f72038142d03ac61469e75773cfc215f9,https://github.com/getsentry/sentry-react-native.git
giancarloerra/socraticode,typescript,3,1,50d8853ea6ee91bf8832d3c10e8da7d8d4bac98e,50d8853ea6ee91bf8832d3c10e8da7d8d4bac98e,https://github.com/giancarloerra/socraticode.git
giselles-ai/giselle,typescript,3,2,9dcfb4cfc991787b6584d93e37dc1e1cd1830c47,1d7d1ac7a571c07e03c7c56b2f0c9021e676add1,https://github.com/giselles-ai/giselle.git
github-copilot-resources/copilot-metrics-viewer,typescript,17,5,a0999913ab29f8f62a3058be4213273a0251b4b3,b60669ec4508036703dd56af98e71278cf74562d,https://github.com/github-copilot-resources/copilot-metrics-viewer.git
gitpod-io/gitpod,typescript,1,1,a736c1b83bd781786af0da705d0acebabfba7862,a736c1b83bd781786af0da705d0acebabfba7862,https://github.com/gitpod-io/gitpod.git
golevelup/nestjs,typescript,2,2,0e067621baa5b8effeff119507b7925182911fbf,f56b8c0f8ec7cdd91d92cdf8a6f2674a35a08918,https://github.com/golevelup/nestjs.git
gre/react-native-view-shot,typescript,10,4,d3c8781949e74c08204eac7a8ac47242f1b06571,285d59e6a6236ff33ec397e4b8027f6d99648aa7,https://github.com/gre/react-native-view-shot.git
groupultra/telegram-search,typescript,3,2,4c4e424c4ffa4b07e4ff004f33352ba3ddb468f3,2737b2da6c63685c5e07dd0f395abac1a4b5ab77,https://github.com/groupultra/telegram-search.git
growthbook/growthbook,typescript,8,5,bafe4da7841dd2e45490a26c9045ce2e8a3da808,282217a7c1216192a1ad3fe61045fbb670f8273b,https://github.com/growthbook/growthbook.git
hAcKlyc/MyAgents,typescript,52,31,2bbdc7e20b134492ff806150e58b64f18c5f6a8f,6260655874adaf33303da1e87d48bfbeb8b9b18f,https://github.com/hAcKlyc/MyAgents.git
hackerai-tech/hackerai,typescript,21,8,167b37bd888fee9496f0c799955a6556d0298a07,c63802f1c0eec996dbe25c6554e664a5196c8781,https://github.com/hackerai-tech/hackerai.git
happo/happo,typescript,15,5,0502e0a2b7ccce6eccd04501f3469b8eded3f0ff,9fac043ea8fe65e4a492d2241d5e4475b271e553,https://github.com/happo/happo.git
haydenbleasel/ultracite,typescript,23,5,871ee738331c843da4f6159dc597427337ddbaaa,9d060b55aebe65b60ce4b06cead4d65f9597d005,https://github.com/haydenbleasel/ultracite.git
hayes/pothos,typescript,5,3,f161e52dce6179431169fac21224aabfdf7223e9,0c2f318f9790b810d711ef3d23f54e862342cf14,https://github.com/hayes/pothos.git
hey-api/openapi-ts,typescript,7,5,32e4ef61c39557b7933b5f80962713ddf892321a,c6e6e81bb4cf97d7e090ea04f95cc9d608c8ad41,https://github.com/hey-api/openapi-ts.git
heygen-com/hyperframes,typescript,85,27,9f8e5ba5a16164d2c41e22676ce97815b15bd8b8,3861e8e9fc0f0b6660c31b3668bd71172aced38f,https://github.com/heygen-com/hyperframes.git
holaboss-ai/holaOS,typescript,6,1,c95437b31a114c71eab125864bfbd23389800998,c95437b31a114c71eab125864bfbd23389800998,https://github.com/holaboss-ai/holaOS.git
home-assistant-libs/python-matter-server,typescript,1,1,cb500a3024c2f849a4bd74873b6fe4b7beeb1b2e,cb500a3024c2f849a4bd74873b6fe4b7beeb1b2e,https://github.com/home-assistant-libs/python-matter-server.git
homebridge/homebridge,typescript,6,2,a6db6577ce6f362f73f7124c42e8542c71082ee3,1487dbf26ae05fdb4f14a0b1eac8232d0ff97d2a,https://github.com/homebridge/homebridge.git
honkit/honkit,typescript,6,2,4cc4615861018b364c994153dc03efd0215d1153,e028912af5372c9b6a7b10c2cb5b9aa0c2a9cb5a,https://github.com/honkit/honkit.git
hufe921/canvas-editor,typescript,26,1,a12c67988b2eea07f4ec926038f120bb85c4f746,a12c67988b2eea07f4ec926038f120bb85c4f746,https://github.com/hufe921/canvas-editor.git
humanlayer/humanlayer,typescript,12,4,84a2479d942a2305e6c9d1f5504397e558dc6f5c,9ee2678e1b391aae1e9d9c9a0d58d2ac0de9263c,https://github.com/humanlayer/humanlayer.git
hwchase17/langchainjs,typescript,4,1,1f76917248056b145b3973284dbf8604307b3ba6,1f76917248056b145b3973284dbf8604307b3ba6,https://github.com/hwchase17/langchainjs.git
hydro13/tandem-browser,typescript,17,8,1856a7b49de5cead09690a69b88a95add56a0362,01a4b0ad6a4d2fa1ac54d1ca1e688f30e55f4f0b,https://github.com/hydro13/tandem-browser.git
hyochan/react-native-iap,typescript,1,1,d01c222ec8a9e5643810966a5786c7845217c8ba,d01c222ec8a9e5643810966a5786c7845217c8ba,https://github.com/hyochan/react-native-iap.git
iTwin/itwinjs-core,typescript,32,8,ece9317745f381335c1fbe6cfd5471bc62831c93,a7dad753184fb772ca5ac1452d1f82f9dc866534,https://github.com/iTwin/itwinjs-core.git
icebear0828/codex-proxy,typescript,2,1,92c5df7b9b98c3b8f25cf925f118a62d4498ec92,92c5df7b9b98c3b8f25cf925f118a62d4498ec92,https://github.com/icebear0828/codex-proxy.git
idosal/mcp-ui,typescript,5,2,9bc3c646c2638e16ac62edf9faca2dbee2b8cb7e,fbc918d713861396703ede124c5676cf3d1164dd,https://github.com/idosal/mcp-ui.git
ifandelse/machina.js,typescript,123,4,d2b42a84bdcc8b8771f5d2fcf96bb5a32bb78781,1c3dde06aeb3e3c41f58c1bd19c1285d4f494d1f,https://github.com/ifandelse/machina.js.git
igniteui/igniteui-angular,typescript,3,3,4ee5c3ffddb8125415feb695729d455ed5f164e8,7ff3ee2ba95b82f0a8da42b9a859ff4cb7299dd0,https://github.com/igniteui/igniteui-angular.git
imbhargav5/rooks,typescript,42,11,2b65024e5acae77868134b8b97904624fa872351,3f3c428d125730caaed20cdda64f7ce2b31c6dc6,https://github.com/imbhargav5/rooks.git
inkeep/agents,typescript,75,37,507fe0ce7bbe15c856cdf6a1014af7873be79d16,9a9c5df00a352fff8d7e27583d5b073b5b340ca8,https://github.com/inkeep/agents.git
intellectronica/ruler,typescript,77,32,8e7c23f66098800a452d643792a61c6b2a2f322f,4d6a638ae696e5287f51364ec0e12157281cd76f,https://github.com/intellectronica/ruler.git
invoke-ai/InvokeAI,typescript,9,6,75a14e2a4b5199754f4296aaec31efc4e4067e66,47d0952aabec5e3b2da559875786ff342f8e0b85,https://github.com/invoke-ai/InvokeAI.git
istvan-ujjmeszaros/touchspin,typescript,1,1,ad11f2d1788f4b6a270d9b006929c4afb15a0cbb,ad11f2d1788f4b6a270d9b006929c4afb15a0cbb,https://github.com/istvan-ujjmeszaros/touchspin.git
jaegertracing/jaeger-ui,typescript,7,2,313d50723c8e82c3ec9abcd62e79fc98a9bb2339,cb37c7e97cde58dd2c9c2da493a5ce6b1c3ca48b,https://github.com/jaegertracing/jaeger-ui.git
jakemor/kanna,typescript,2,1,faa59fc8153a8d83c1ca0568ffca74364284fe98,faa59fc8153a8d83c1ca0568ffca74364284fe98,https://github.com/jakemor/kanna.git
jaredwray/cacheable,typescript,4,1,f61070ed071b11bffd8264c2c14f7e16f4a416da,f61070ed071b11bffd8264c2c14f7e16f4a416da,https://github.com/jaredwray/cacheable.git
jayminwest/overstory,typescript,173,50,308d722377f1b32d78c2a08bf74122868d4310ee,cb7853b279f80f0d4e8466c7fc5710703ac9f9ac,https://github.com/jayminwest/overstory.git
jhlee0409/claude-code-history-viewer,typescript,28,12,ccf765beeb0f2e9f984df49a7a9bea20ddcdc57c,ba7795c1f1393ae0567e498a01b0c267950b96e0,https://github.com/jhlee0409/claude-code-history-viewer.git
joelhooks/swarm-tools,typescript,27,3,eba64c7895a65cf8d30a8d108f7b1242994388a8,70d47d5c2ae3a9419a00a165e49a9f7f9d98b7d7,https://github.com/joelhooks/swarm-tools.git
joemccann/dillinger,typescript,7,1,ba5e95a839518b6a6d4ec3852056b0bc950ef32b,ba5e95a839518b6a6d4ec3852056b0bc950ef32b,https://github.com/joemccann/dillinger.git
johannesjo/parallel-code,typescript,18,11,2b82e884a2bfa7f579f3a17327324f4653c4cfeb,120a5147f4ab20a97e0fc2d3bbb91d4f6f535642,https://github.com/johannesjo/parallel-code.git
johannesjo/super-productivity,typescript,22,10,9832770b2bc884ac47dfb1bebc8e32983f7dc140,0a0723521b49cb8871322dd51ccd0c9ce540f573,https://github.com/johannesjo/super-productivity.git
jonwiggins/optio,typescript,242,55,ac6c78870fe1de275f81e882d0ecd43e156a8f77,c65411d0248625a278f79086fda448dd6925a80e,https://github.com/jonwiggins/optio.git
jorenn92/maintainerr,typescript,2,1,60f1756963236e74f3ca8a47868268080f609220,60f1756963236e74f3ca8a47868268080f609220,https://github.com/jorenn92/maintainerr.git
jupyterlab/jupyterlab,typescript,4,3,82dac471d50f24d24cdb218c70c021293e8a9411,149cfb63a45592a085adc352785ea6de9b34378e,https://github.com/jupyterlab/jupyterlab.git
kaitranntt/ccs,typescript,7,4,b3ef76a07b4f1e6d9852e851abff059bb7049a91,6471cc55d72deeebcbca70d54983b90ae32c999a,https://github.com/kaitranntt/ccs.git
kbwo/ccmanager,typescript,51,22,e7b851bb200461f6cc6755ae1b950cdb5e9c1097,be75ad677f161471e991eb1c97b08fd87576936b,https://github.com/kbwo/ccmanager.git
khan/perseus,typescript,2,1,e1f9a0d2a1b5538650e9d6b2fac3fa219dab0577,e1f9a0d2a1b5538650e9d6b2fac3fa219dab0577,https://github.com/khan/perseus.git
kitfunso/hippo-memory,typescript,170,53,aae7a9938c91f1a97dc5b224060b6bcfe073020e,498191018739d57062a680ed3fededf19c1aa01c,https://github.com/kitfunso/hippo-memory.git
kizuna-ai-lab/sokuji,typescript,33,24,2b4dfc259234eb1bde9e151d2166f258b0d018a8,3420172f98262d0a642ea0a6a70eebbbdf4ce791,https://github.com/kizuna-ai-lab/sokuji.git
kodustech/kodus-ai,typescript,166,43,b3868aa2dc85db8432b767e717c5b52c0b91155a,d2c778d732c0b31d3ef6ef8ef8bd63e7e14a077a,https://github.com/kodustech/kodus-ai.git
koenkk/zigbee-herdsman-converters,typescript,2,2,11372d217fcd786b39157ee8a68ffb03562aff51,d3c1105b6f5f264d5fdd37106345f770c5a121da,https://github.com/koenkk/zigbee-herdsman-converters.git
kong/insomnia,typescript,2,1,c08b1b7ead2f93da72ec0ac759834e36b940ab7b,c08b1b7ead2f93da72ec0ac759834e36b940ab7b,https://github.com/kong/insomnia.git
kortix-ai/suna,typescript,4,2,0548cd639ef802e831bc73c08332b12f3afe3a3c,336463b3d5242b71bbc3b729014c8e1c55332b31,https://github.com/kortix-ai/suna.git
ktnyt/cclsp,typescript,15,5,8fe59c90c1b52e8149467901f59300194f355634,b56933635da0d92b13c8e1522d1db8481ffe0822,https://github.com/ktnyt/cclsp.git
kubb-labs/kubb,typescript,13,7,ea8c36e4af652726676ff10d2bfbdc4a3b6a9a38,eeab54b2823a5e591c9ec2b05cb31abf32f37cb2,https://github.com/kubb-labs/kubb.git
l2beat/l2beat,typescript,10,3,98f54eabf923a100aeb0e1dea733025e69338d71,13de9af9c4932f20bbf4922ef9a2e3307ef8fadb,https://github.com/l2beat/l2beat.git
labring/fastgpt,typescript,15,2,58000324e2763bdb9721eea2a5b98d7a63f1a22f,21b3f8549a4815d3ca190563ede98ca5bd193f7a,https://github.com/labring/fastgpt.git
lane711/sonicjs,typescript,96,33,6b4499a4f98c4db22d2bb2298851ae9a3a5ca965,49659dad148de23123cd2e7e50a489e1abb2623c,https://github.com/lane711/sonicjs.git
langchain-ai/langgraphjs,typescript,3,2,414a7adf908ba4f7ffef4985df3a95f14202591b,14f2a796912e81d7f52f0a4f16747f6d0a269209,https://github.com/langchain-ai/langgraphjs.git
langfuse/langfuse,typescript,51,25,2e2826b873522dda136ed2367140dbe3e1338637,b43b3eb1c5451bb27b2c7d819ca70be1792d0d9d,https://github.com/langfuse/langfuse.git
langgenius/dify,typescript,312,49,0f4809b9b848f417840d48a29b4d1350cee5a98d,09bb87d0897435518ac6d19075affb0188bf964d,https://github.com/langgenius/dify.git
langwatch/langwatch,typescript,289,83,1e327c88e2313d368c23ddc6e4e503532fda83ad,6d3c1e4ef647a79356b372ede7113778d05e5478,https://github.com/langwatch/langwatch.git
latitude-dev/latitude-llm,typescript,45,21,b18bf9165ab7c251259549269c3495f3e0d00a8e,2688f71717d10c6dbd96ea50a603f4631b3379ce,https://github.com/latitude-dev/latitude-llm.git
laurent22/joplin,typescript,2,1,4bd98f48198b8aee331dfcab35d0dd6167e85b05,4bd98f48198b8aee331dfcab35d0dd6167e85b05,https://github.com/laurent22/joplin.git
lcomplete/huntly,typescript,2,2,183773b9843328ee4da9aa6e8a31a0599bcff634,f0347fc6f2284939fdaf061f12ed9c492efeb752,https://github.com/lcomplete/huntly.git
lgazo/drawio-mcp-server,typescript,1,1,ca6569e159f58cf7d0b62eb6236e8d2ea1ba19e9,ca6569e159f58cf7d0b62eb6236e8d2ea1ba19e9,https://github.com/lgazo/drawio-mcp-server.git
liam-hq/liam,typescript,23,14,c7cc3fc507b0263518f5f7f0961ad353b3e69573,9f927858a21d24e882cfea6a517cfca23187c6ae,https://github.com/liam-hq/liam.git
lightdash/lightdash,typescript,77,43,22ab16dfaec97fdf9f82c0f9d4e34f3592419f0b,131cc0c81a3a9767b50472ec3f7bc4280d0a275e,https://github.com/lightdash/lightdash.git
likec4/likec4,typescript,4,2,dd6de6e8d3b302dd94c6f23b67d9026bca4f16ee,3726863ba5cbd3b434f50a7f8f90ccb436c76b03,https://github.com/likec4/likec4.git
lingdojo/kanadojo,typescript,1,1,09c42b914c7b45b95bef629b246324a412fb8e26,09c42b914c7b45b95bef629b246324a412fb8e26,https://github.com/lingdojo/kanadojo.git
linuxhsj/openclaw-zero-token,typescript,46,16,5400766b3c280234e492ac0ab2ea810b75be0686,262fef6ac8f57661151afc2a27df2835d747142f,https://github.com/linuxhsj/openclaw-zero-token.git
livekit/agents-js,typescript,11,6,41d69b8c6881446ba565daa5cb5c9e07b93c23bb,1a3ef4c9332f435f88fc716c791d6263164ecb2e,https://github.com/livekit/agents-js.git
livestorejs/livestore,typescript,2,1,036bc84739f0f79e14e5cd61ab2131ca47841ba0,036bc84739f0f79e14e5cd61ab2131ca47841ba0,https://github.com/livestorejs/livestore.git
lizhiyao/sentry-miniapp,typescript,12,3,476c0f90038fb6b5b3464136c63c066a23e56819,63b3e5baf724e0320cb48eccb581229b36510e1e,https://github.com/lizhiyao/sentry-miniapp.git
lobehub/lobe-chat,typescript,320,104,7e291c23f7a00c1c6b3ec9e6c7bb34e11b5c0047,fa2d9660db37120c7d38e97e45d0ffd5c5402ee8,https://github.com/lobehub/lobe-chat.git
logancyang/obsidian-copilot,typescript,21,5,4884d9513d7912ec9cbd16dccbc713fd531b98db,baa2b954dc8769d24b4bdbd84e16f492f7ea8ca9,https://github.com/logancyang/obsidian-copilot.git
loglayer/loglayer,typescript,13,5,bc076f529e60edc7ca230bd451292d3974b93c8b,586fcf42291e5e5c2e65d19c75720caf6f903f15,https://github.com/loglayer/loglayer.git
lucide-icons/lucide,typescript,3,1,a0e202d759da95c243b541f8d3c1c26eada32b2e,a0e202d759da95c243b541f8d3c1c26eada32b2e,https://github.com/lucide-icons/lucide.git
m1heng/clawdbot-feishu,typescript,10,6,d6d9df0f484f9a06002e41cba530fbc69b51c62a,d5237de96824d733eb8601c080a372fd33720356,https://github.com/m1heng/clawdbot-feishu.git
makenotion/notion-sdk-js,typescript,2,2,e8be5bee9256d4995f952250b7554e2d172b940a,2aca555b83f27fdd891fec64e460aecbdde9e0ed,https://github.com/makenotion/notion-sdk-js.git
marktext/muya,typescript,11,7,b6a62dd2845444a241394d14f8d1d67b6cb31352,00939d2c952bbf16d00018c585165888fe37a6bb,https://github.com/marktext/muya.git
markuplint/markuplint,typescript,5,4,40685828da697dfa8565288438a5d027dd0fae45,1572fe8b908bb4505a2cf3d12fd2f7ce65496ae4,https://github.com/markuplint/markuplint.git
mastra-ai/mastra,typescript,551,159,e0ad8e3a21513014f17b2a56d1570488cbb8cb31,85156693b2efffe96412b0a5aab5154d40225cef,https://github.com/mastra-ai/mastra.git
mathuo/dockview,typescript,51,31,be14c4265de30ea4ab25a361442619980da89c23,434fb7b52904ad5c954e01a6a30a3a5679f3769e,https://github.com/mathuo/dockview.git
matt1398/claude-devtools,typescript,4,3,d3b7d9dfeb23d42df55c226925007f7c10f0e201,bd02d164813b74c63b24869be07792e520a356ea,https://github.com/matt1398/claude-devtools.git
mattermost/mattermost,typescript,42,19,a17f4ae5e1d4dcfe4e1593b5ec8ec45d58c6d620,5b132e2230f4a9528e4c6f5f1d8d9c1516f1020c,https://github.com/mattermost/mattermost.git
mattermost/mattermost-mobile,typescript,15,5,15f59b7eee3ae3846426c426a9f4a970e6095332,77a9c5c4600c51dc83345c8d7e8769ff043ee3f0,https://github.com/mattermost/mattermost-mobile.git
mattpocock/sandcastle,typescript,24,16,c7de519c6d28d98760e84088e16a438af430dc06,abac106c1a4049019ef733fe62c8b5db23ca9eb9,https://github.com/mattpocock/sandcastle.git
mcp-use/mcp-use,typescript,6,4,b45d9663eccd7e90993f7defafe9636544dad8c2,4070f26294f157a35e6186c890d68e0385198c81,https://github.com/mcp-use/mcp-use.git
mediar-ai/screenpipe,typescript,94,38,137e71e45c3299ebdec48b1d22441da03776c2ad,69517d44b0d81f597c32e5407e2768f772823e31,https://github.com/mediar-ai/screenpipe.git
medusajs/medusa,typescript,1,1,333b08a120dcd40ef1066d05be0c124a8c3b1ff7,333b08a120dcd40ef1066d05be0c124a8c3b1ff7,https://github.com/medusajs/medusa.git
mehdibha/dotUI,typescript,1,1,06266991c0f629293a32c630788480ac59ddc057,06266991c0f629293a32c630788480ac59ddc057,https://github.com/mehdibha/dotUI.git
meienberger/runtipi,typescript,1,1,8ce02e4026aa018d1ec2d14d7d094af80a01f603,8ce02e4026aa018d1ec2d14d7d094af80a01f603,https://github.com/meienberger/runtipi.git
mem9-ai/mem9,typescript,2,1,594a24afcbe35ec799be80215d1106abf33c8ac0,594a24afcbe35ec799be80215d1106abf33c8ac0,https://github.com/mem9-ai/mem9.git
mendableai/firecrawl,typescript,35,16,ef341399f00df3ec4082ecba6d123766a62f2dbf,6840ee516f6033792ecd2f7f3c82459210d34a91,https://github.com/mendableai/firecrawl.git
mengxi-ream/read-frog,typescript,12,6,c444ef73db58a6de0f6eeff93b04b3e5ae9f509d,2d06159107e3956b6c1f225397d8655b9d54e16a,https://github.com/mengxi-ream/read-frog.git
mercurjs/mercur,typescript,34,4,9a3b129bb6cea27650106d3d7f81b8d52312f6ee,2c36133de69b5a143c0a70989fd185fe117d83aa,https://github.com/mercurjs/mercur.git
meshtastic/web,typescript,16,1,d7e32e9b038b23adfcf5f67b8b465b940ceefe2f,d7e32e9b038b23adfcf5f67b8b465b940ceefe2f,https://github.com/meshtastic/web.git
metamask/metamask-extension,typescript,31,18,a67d3eba5418cc40dffe0044e63ba032d6570e7f,06ed00545a4c59881c75b1e7b37f67f8f4822b8b,https://github.com/metamask/metamask-extension.git
metamask/metamask-mobile,typescript,96,29,4e024e267af94d506e4dedd3bda2ea23eee321e2,ab0eba2bed1d9ba6335c1ffe26225e3f2d6f51b6,https://github.com/metamask/metamask-mobile.git
meursyphus/ssgoi,typescript,6,2,b3d3a152c4b5773ca4367df7ef5f200ffd0a2e35,bd907086bc7757e747c7e52ece34ad410f3b21f6,https://github.com/meursyphus/ssgoi.git
michaelshimeles/ralphy,typescript,1,1,52d4359c8f4d5d3019b6347b19d4cac4213ae6b8,52d4359c8f4d5d3019b6347b19d4cac4213ae6b8,https://github.com/michaelshimeles/ralphy.git
microsoft/TypeAgent,typescript,80,16,f8f8d63daaedd2386a485674d3cbbe49d746ede2,8fcc2174628a5ffa8055a25dc727377cd23ce3fd,https://github.com/microsoft/TypeAgent.git
microsoft/beachball,typescript,4,2,8bc614d367801d19847d3f2ed5f9ee861b6fae5f,e6196c1cc45b8062bdfa08bf3d7f0683005f1e9d,https://github.com/microsoft/beachball.git
microsoft/fluentui,typescript,8,3,26229a953219cf4ec5b4c9f7aeb37070e2cf38db,da3b7a4ffe0610abed41f005023f2b8eed2f4282,https://github.com/microsoft/fluentui.git
microsoft/fluidframework,typescript,15,10,e70347986c823316e6a4b3981f0dcff47aee709b,b9363c4b93c443dd925a26cfd6e7a2913c0a2459,https://github.com/microsoft/fluidframework.git
microsoft/griffel,typescript,2,2,e41a5070334bed95640696c88588493e5530aff8,87c6cddd1625ad2125e242d439d851ea5db20633,https://github.com/microsoft/griffel.git
microsoft/prompty,typescript,32,14,a0e6108842a3bfc840a33db819a4415fbdac333d,977674b231ab1018d4ffa42a18ca2eb5dfeedc33,https://github.com/microsoft/prompty.git
microsoft/roosterjs,typescript,4,2,2fac28c6d7d47b9029753936fdaf893f42a8441b,6460054b93af8f597d3157eca45e03b3d17a737f,https://github.com/microsoft/roosterjs.git
microsoft/rushstack,typescript,12,3,48853d6b335916de3778c5ac5a3c8261e29f0f2d,947efd5d76c09ce8a62b1a003394d5db689b5b56,https://github.com/microsoft/rushstack.git
microsoft/teams-sdk,typescript,4,3,2617330a6169e25c8a5df2414b0edf82ac83d75f,033cdaa0adefa5f76367aaa0db1dcc99be4b5bde,https://github.com/microsoft/teams-sdk.git
microsoft/vscode,typescript,125,18,333d9a4053e71ed5249450e112b6a9decd3997b4,c1b72a2e202b3dc02e7801a61e30ca9d77586b61,https://github.com/microsoft/vscode.git
microsoft/vscode-copilot-chat,typescript,111,13,af813ee4bf9ee121e68039618c7deb95ae2dc60b,49a3462cddb97abde3c7c20f99c1318004c9c613,https://github.com/microsoft/vscode-copilot-chat.git
microsoft/vscode-pull-request-github,typescript,4,3,3071d50110b383a403c165c99c78718ad0358386,eacf5393ca03c7f541c0b8db59a7af9585a34587,https://github.com/microsoft/vscode-pull-request-github.git
mikro-orm/mikro-orm,typescript,227,72,19ebac464d87ec73576d354bd1dda817d4d40539,184cfde5c581e31379b69a391c3af80baeb2428e,https://github.com/mikro-orm/mikro-orm.git
miurla/morphic,typescript,3,3,c25614f455d439d38fd4e9b959d353ef3d13b2c4,2e8c5cee8401299cf156ce135987f2ba3d44d690,https://github.com/miurla/morphic.git
mksglu/context-mode,typescript,62,24,75ae6ae3947afda284c49f18abe47dc3646e8dcd,d1ae56255758fd8ce5b218cd1367bce4d8908716,https://github.com/mksglu/context-mode.git
mnfst/manifest,typescript,85,3,4d1a28b2c280c21958bca624d49c05bd2da9942d,832730f2bb5781cea93662d5011d6be8eb52862b,https://github.com/mnfst/manifest.git
modelcontextprotocol/ext-apps,typescript,24,8,cf4492df89fa8385fe8c85c41f3cf1be87a58c2f,77b8daa1e8ac86f0c826162af6763acabc6a9990,https://github.com/modelcontextprotocol/ext-apps.git
modelcontextprotocol/inspector,typescript,6,5,9371006838de8224046eb8c0d3656b7eb9355af4,3d3a79e10950aa0bada35bb674c9d7b529965c33,https://github.com/modelcontextprotocol/inspector.git
modelcontextprotocol/modelcontextprotocol,typescript,5,1,c58e38b2f8de8328a1bcf111efa36e000de9d9b5,c58e38b2f8de8328a1bcf111efa36e000de9d9b5,https://github.com/modelcontextprotocol/modelcontextprotocol.git
modelcontextprotocol/servers,typescript,14,5,e515378a9086c3a067042c78ce808ed6483f4c9d,968acc2ec93e9fb7264aede2171394a4715605f1,https://github.com/modelcontextprotocol/servers.git
modelcontextprotocol/typescript-sdk,typescript,48,14,e2723d30b8b4ac42789f5cad1c87785132ad950f,78bae7426d4ca38216c0571b5aa7806f58ab81e4,https://github.com/modelcontextprotocol/typescript-sdk.git
modem-dev/hunk,typescript,8,3,f08739dee3569d0ca78b381062ffe1b0a11e21c2,e6da548469a2638887a3d6fd7119bc1526f973d7,https://github.com/modem-dev/hunk.git
module-federation/universe,typescript,3,1,0b0c5dae7999e7c836163bf2caa92b0c8870e485,0b0c5dae7999e7c836163bf2caa92b0c8870e485,https://github.com/module-federation/universe.git
mongodb-js/compass,typescript,2,1,d8c95c6b9234b3b2b23a5ffef526779aa754762f,d8c95c6b9234b3b2b23a5ffef526779aa754762f,https://github.com/mongodb-js/compass.git
mui-org/material-ui-x,typescript,10,4,4dde297fa37f3cf6e203fba59942817af776f36a,3b4db216c9d709b22db6d302a007edac066a1edb,https://github.com/mui-org/material-ui-x.git
multica-ai/multica,typescript,80,38,9f5424eb5ca9bd9473cc8ae26f4e9bded844dc31,acb1c3fb64b23b3ebac969b0babc391f0c7dd118,https://github.com/multica-ai/multica.git
n8n-io/n8n,typescript,269,111,c4c46b8ff93abab45426682f8b371997fb42d52d,c8a3a3ce3d1b366f3d68f37f536d56bd25f4eb41,https://github.com/n8n-io/n8n.git
naomiaro/waveform-playlist,typescript,20,10,34b894d0b3393c18c9fff7dcb313ab0b3d984852,1fc1b2fe721808eb2bdb536e19b832fd992e7d5f,https://github.com/naomiaro/waveform-playlist.git
nats-nui/nui,typescript,6,1,803863f6c32c743b31fe4b93eabedbd1d58f4558,803863f6c32c743b31fe4b93eabedbd1d58f4558,https://github.com/nats-nui/nui.git
neondatabase/mcp-server-neon,typescript,10,2,3a8a8b3681907d500562dd65b9613078d51556ce,a23631c64cc6b68af15536aaad8c241dc1d62abc,https://github.com/neondatabase/mcp-server-neon.git
neonwatty/meme-search,typescript,3,2,578f8277d274f888e5ba6f9c02af38bfdd32a77b,141355157d2c56ae51fe25dcbf68f0d32bba21ff,https://github.com/neonwatty/meme-search.git
netlify/cli,typescript,4,1,b5a44dbe6e830af88c786e3cdd05857ce59ff8ca,b5a44dbe6e830af88c786e3cdd05857ce59ff8ca,https://github.com/netlify/cli.git
nexu-io/nexu,typescript,46,7,28a4a415e0540204384259b0ec673f85a6fef6e6,40605df1a1877c6bc3a8af2e804fc1515cf94aa8,https://github.com/nexu-io/nexu.git
nexu-io/open-design,typescript,111,54,1edab990bb465db1d0010646f09b39d23c08b0c3,236d543bc530f5aef1a018a46b3cae55031969ec,https://github.com/nexu-io/open-design.git
ng-alain/delon,typescript,4,2,569e8ace582aebe1a59d85543e8404cdd9d0e00e,281d8dd2be692476fd4c66ce003574c9ef92450f,https://github.com/ng-alain/delon.git
ng-primitives/ng-primitives,typescript,3,2,631622021b14491ebe3929927bdf0b8f1dc21251,ffffc4476846eb78dbd6620816a24b42feb83fc5,https://github.com/ng-primitives/ng-primitives.git
ng-zorro/ng-zorro-antd,typescript,1,1,de0faf6dcb333ae430d1f5e85c95303c8081cbeb,de0faf6dcb333ae430d1f5e85c95303c8081cbeb,https://github.com/ng-zorro/ng-zorro-antd.git
nimbalyst/nimbalyst,typescript,3,2,389ca71f70ec67d1f83bea6d15f31eefd0167684,2e8914eec83f235d036aa83cb8e0c56c7caa436f,https://github.com/nimbalyst/nimbalyst.git
nizos/tdd-guard,typescript,45,19,26529e5c99bafab327bec7c0d6120bdf29cb1693,0ed4b7a275d76d016ea95543107a2587b6577fdb,https://github.com/nizos/tdd-guard.git
nocobase/nocobase,typescript,3,2,56f1a11ccef57d45748cee2f471a7ac356442827,b7cd0b447524fc69a68df633183ea5c3f829b70e,https://github.com/nocobase/nocobase.git
nodecg/nodecg,typescript,6,1,437b807de71bbdf033f20a036a227bbfb4057e68,437b807de71bbdf033f20a036a227bbfb4057e68,https://github.com/nodecg/nodecg.git
nomiclabs/hardhat,typescript,3,1,c4a7daace7ce9d9d76eca194b1abba4e8f6c64c3,c4a7daace7ce9d9d76eca194b1abba4e8f6c64c3,https://github.com/nomiclabs/hardhat.git
notifirehq/notifire,typescript,35,18,bf0fa14c05adfdf125cc575ac7aa52cd6811ff4a,da5c7646b18ead3c521c217083b79e0332604f6b,https://github.com/notifirehq/notifire.git
npmx-dev/npmx.dev,typescript,1,1,1aa9b6b0d18fe5b773551bba6e3c69fadf035f54,1aa9b6b0d18fe5b773551bba6e3c69fadf035f54,https://github.com/npmx-dev/npmx.dev.git
nrslib/takt,typescript,1,1,9ba05d85986db4b601e7e673d8cecde3d7550675,9ba05d85986db4b601e7e673d8cecde3d7550675,https://github.com/nrslib/takt.git
nrwl/nx,typescript,73,19,f9c427a80b88413238454c5d4563cc8be5f7f9b9,51545462a8ac102292011d49be68da2d05ec82fa,https://github.com/nrwl/nx.git
nspady/google-calendar-mcp,typescript,3,2,ee5f870830d0c9f10b01d3624ebd2c24764bf928,fa7ab34daaec48ed953b16bb4ebe53d5ca912b36,https://github.com/nspady/google-calendar-mcp.git
nteract/semiotic,typescript,4,3,3f777d90385734c2e7d8b66ee4b5edb9204d8afb,489dd18d801c431fb6e6bfeb6b02afa4be1bd26e,https://github.com/nteract/semiotic.git
nuxt-modules/og-image,typescript,12,3,94eaeb4f85c4284eea21ca21cf7c1bebad457b43,8c1513f43b6ae5bedbea112673ff74d0fb181270,https://github.com/nuxt-modules/og-image.git
nuxt/scripts,typescript,1,1,fbdf96be089f964e3209efdf2956ad2d200a886a,fbdf96be089f964e3209efdf2956ad2d200a886a,https://github.com/nuxt/scripts.git
omnara-ai/omnara,typescript,22,1,31ef0eba04a959d614219e2f977186f5da312924,31ef0eba04a959d614219e2f977186f5da312924,https://github.com/omnara-ai/omnara.git
oneclaw/oneclaw,typescript,6,3,a09255c21cd05f8d4ec29ce508d346d5b326a1c2,926c898461ab9101c13f2ce47fc56f125a785cbb,https://github.com/oneclaw/oneclaw.git
onekeyhq/app-monorepo,typescript,20,5,ee51d16b67f620e7a5cc25b45a55afa499e0db4f,1af168d9ddc93e88fedf57f221bb538a198bf453,https://github.com/onekeyhq/app-monorepo.git
online-go/online-go.com,typescript,2,1,594c9d5d7fbd6a4de19e6e84b1d99071894e9f31,594c9d5d7fbd6a4de19e6e84b1d99071894e9f31,https://github.com/online-go/online-go.com.git
onlook-dev/onlook,typescript,2,1,7f3ac285113fa8e3707e03360502a10b0df8aa2f,7f3ac285113fa8e3707e03360502a10b0df8aa2f,https://github.com/onlook-dev/onlook.git
op7418/CodePilot,typescript,92,29,19aba25c8f6b60a96f5dcbefac6042c5e21c0991,347b53bac560a7a1535b27cf820764fb196f7687,https://github.com/op7418/CodePilot.git
open-mercato/open-mercato,typescript,179,89,f075c3eb92b676f92ecf223dde78024ebc23d5f4,f66d85a3ecfb8a20ac99d40a93c8612b482ed762,https://github.com/open-mercato/open-mercato.git
open-metadata/openmetadata,typescript,83,44,98aff312dad163eec31bbc8e97dec43b2e21e011,14ef4e15776b42e4add9cecc8a8f002528276d7f,https://github.com/open-metadata/openmetadata.git
openclaw/clawhub,typescript,9,5,a290c81a751f5b5ba2a402fe8ee532146e4ab39f,b2038fc9314f54974f3cf782744ecbc06dd0fbbf,https://github.com/openclaw/clawhub.git
openclaw/openclaw,typescript,77,34,d8aada9d4516dc865e2e6a5bec6a2010552882b6,105a30b5a50734b919083fcfbd26358ed13f73b9,https://github.com/openclaw/openclaw.git
openkursar/hello-halo,typescript,29,7,f92040329d614430d5d15cc93028b78b570b8eb6,de7ea78911c3538c3866f2166e28da2adf5dff2f,https://github.com/openkursar/hello-halo.git
openobserve/openobserve,typescript,25,9,93d4914b5280b30b11b6795fdae388b33c852010,11960456360774da47d7dda19aee3c62de5537b4,https://github.com/openobserve/openobserve.git
openops-cloud/openops,typescript,16,10,5dbab79aa6ef7d843971fbecd4f82195d2a9f46d,2c80c35aca3f7782d0a0901db31323906c5ca8bf,https://github.com/openops-cloud/openops.git
openplayerjs/openplayerjs,typescript,1,1,9c160a8bdb8f7323c046484d6664acadd6c2a33b,9c160a8bdb8f7323c046484d6664acadd6c2a33b,https://github.com/openplayerjs/openplayerjs.git
openstatusHQ/openstatus,typescript,28,5,25c3cd68a3e4b17208da97734860399ed50e3a9a,1135217598f6856bb5fcf5828dcc361b0f483c62,https://github.com/openstatusHQ/openstatus.git
outline/outline,typescript,13,9,f284a279410f673c22c9ff0c7e9d99f67103683b,8183c8e032e6b72ec584987e783293872b866392,https://github.com/outline/outline.git
outsmartchad/solana-trading-cli,typescript,9,3,02f9c2dfc8a7cc4897fc83e46202f29733f42508,849861d129dc7decae9ffef62e755d2481ab3369,https://github.com/outsmartchad/solana-trading-cli.git
owid/owid-grapher,typescript,2,1,f4fa25584ce59b45dab65f385c577ddcb69615c2,f4fa25584ce59b45dab65f385c577ddcb69615c2,https://github.com/owid/owid-grapher.git
oznu/homebridge-config-ui-x,typescript,2,1,a53abfdd0146de5211cb9fe1951b721ef15d8cb9,a53abfdd0146de5211cb9fe1951b721ef15d8cb9,https://github.com/oznu/homebridge-config-ui-x.git
pablodelucca/pixel-agents,typescript,7,1,221ad7a5ab7b7dfbdfb7071dfe849afb593fea46,221ad7a5ab7b7dfbdfb7071dfe849afb593fea46,https://github.com/pablodelucca/pixel-agents.git
pagopa/io-app,typescript,5,2,70a0a07af4552eb4575467b896b106c347df2bdd,525acb412dbc4c2abee659876ec2326c068d589d,https://github.com/pagopa/io-app.git
paperclipai/paperclip,typescript,67,36,fe6a8687c1c51eb7ce9004a234db47de657441a0,03362b347d669c0aa3a9cf3803361e636ce4f28d,https://github.com/paperclipai/paperclip.git
pascalorg/editor,typescript,56,16,07ed429d58ff255878c5b9f5458f00a659ec2255,c6423e7c73ed5e14caf1aa21ce61cbf72e904bcd,https://github.com/pascalorg/editor.git
payloadcms/payload,typescript,2,1,835a0ad49055dada6c7cffdb5515cb8d8a5ca576,835a0ad49055dada6c7cffdb5515cb8d8a5ca576,https://github.com/payloadcms/payload.git
pdfme/pdfme,typescript,2,1,85fb9c173f2f7e9fccd1f0cbcf3241f29fa877a7,85fb9c173f2f7e9fccd1f0cbcf3241f29fa877a7,https://github.com/pdfme/pdfme.git
pedramamini/Maestro,typescript,67,30,8caca1a9180a286d2874b502ca36477c99f7e57a,cc9db7754e636ba793b5b75c9a28ac4ab59f7ec5,https://github.com/pedramamini/Maestro.git
phodal/routa,typescript,54,29,ac301b5de4c60c51722763cb4ec9045c610024a8,9bf5a591ee80bc30c2538ef06eebd30224512beb,https://github.com/phodal/routa.git
pingcap/ossinsight,typescript,53,1,300c7b4edac2a55a8255516f877a8269f1a14f12,300c7b4edac2a55a8255516f877a8269f1a14f12,https://github.com/pingcap/ossinsight.git
pingdotgg/t3code,typescript,3,2,f47dc3c78ca9496b80c4b4a2537c74bbd697fd9a,1371ce2ccef7342399a6a020e69073334cfa364b,https://github.com/pingdotgg/t3code.git
plasmicapp/plasmic,typescript,2,1,088532d25f4450a41527d799cd2b70d93ac9b2fd,088532d25f4450a41527d799cd2b70d93ac9b2fd,https://github.com/plasmicapp/plasmic.git
pnpm/pnpm,typescript,3,2,d5be835735d18682f79609e6c6903b523d47cde3,3422cecfd3dbb0a7a3166a660d1761b02ffabea3,https://github.com/pnpm/pnpm.git
pollinations/pollinations,typescript,12,8,fb54a3948f9a8f1ef84d728d77a08aa28bffac48,6df3c2bb87287be52d982be427fa980264f25e76,https://github.com/pollinations/pollinations.git
portainer/portainer,typescript,4,3,38c42cb47bd14db7e55d5b2c2fd0fee2f6546377,0c2f07988a2f3811ee02807ae0508a1a8cff2bc1,https://github.com/portainer/portainer.git
postaljs/postal.js,typescript,433,13,7b393f059829ce0d0a47ae3d1e7a6b2718d444c4,ee9f59945e307ef63f7876013bab13dfa0617e54,https://github.com/postaljs/postal.js.git
posthog/posthog-js,typescript,25,4,aa9f63715d70428c8773c0c6e3d334497ffd3ad4,ec54fd8fcfda496879e456361fb97de504063393,https://github.com/posthog/posthog-js.git
powershell/vscode-powershell,typescript,2,2,294738ec550bc8ee685540eff231ebd14720ff83,9e46c55e76a28416f9a04f3fb24f32bb13a074c5,https://github.com/powershell/vscode-powershell.git
preset-io/agor,typescript,79,28,20afdd002aded2bbc89aba48dbc8d482629b0b71,e34aa87269003c0e2d473b410fe43f7f57c68ba6,https://github.com/preset-io/agor.git
primer/components,typescript,6,4,5dcc87ca4befe911101e580da639b5c03d4ffdd6,23fba52138e3314d058187e8d07d011e6889e1e2,https://github.com/primer/components.git
prisma/prisma,typescript,10,2,45d7e0f0d595df3ee4ca1e469e3d7381b5247ccf,9b0b7f5d59f4f9d0dca4d558f4e537e83da18203,https://github.com/prisma/prisma.git
project-chip/matter.js,typescript,46,27,1af103e3dbb0269f2134e56cc0bb70f7d0b3158d,0cc182ea7ffc87f28d4116376afd244e63e13327,https://github.com/project-chip/matter.js.git
proxysoul/soulforge,typescript,16,1,dcef1289faf270a81e4e1909a682736529508a5b,dcef1289faf270a81e4e1909a682736529508a5b,https://github.com/proxysoul/soulforge.git
pwa-builder/pwabuilder,typescript,1,1,6e0037b731cd82118770b394c9cb1e0ff3b50ded,6e0037b731cd82118770b394c9cb1e0ff3b50ded,https://github.com/pwa-builder/pwabuilder.git
qixing-jk/all-api-hub,typescript,3,2,0f6799aca387ac4be891277566694707b5f9028b,1ac83ed70c4d2a27c1039d4288d425a0376a4bd7,https://github.com/qixing-jk/all-api-hub.git
qwibitai/nanoclaw,typescript,129,46,2b56fecfdcfd644be7860c3fc8d45f1ae6c29871,314b91efc0a907061876157f3423e49ba32800c7,https://github.com/qwibitai/nanoclaw.git
rainbow-me/rainbowkit,typescript,4,1,b1c5a9a0d40bf7bfcad6ba7ef48c2d79e590c978,b1c5a9a0d40bf7bfcad6ba7ef48c2d79e590c978,https://github.com/rainbow-me/rainbowkit.git
rancher/dashboard,typescript,1,1,1472be49113980d5e909b7bcd57903d302bc62f2,1472be49113980d5e909b7bcd57903d302bc62f2,https://github.com/rancher/dashboard.git
razorpay/blade,typescript,5,2,a9544ac6a6f46694b14e52be0b6ed1b40679cd6d,bcdbef2f818223618eb0518d0d664168729120ab,https://github.com/razorpay/blade.git
react-grid-layout/react-grid-layout,typescript,1,1,ae9cfaf0efc9cc5fb686cb492608bec9f424a8b0,ae9cfaf0efc9cc5fb686cb492608bec9f424a8b0,https://github.com/react-grid-layout/react-grid-layout.git
reactnativecn/react-native-update,typescript,2,1,e4aa23ac5dc44969b2c3e0b927aec3581c91579d,e4aa23ac5dc44969b2c3e0b927aec3581c91579d,https://github.com/reactnativecn/react-native-update.git
recallnet/js-recall,typescript,10,4,1f697efe6a2319d9957ddaa6374d2802f2957362,a7db2fd5e9ccb8200b25d5ec43495d61caa4d86a,https://github.com/recallnet/js-recall.git
redisinsight/redisinsight,typescript,3,3,ade4564f6a7fbbbdd4d7b5bfca4d429bcc0a995b,ef1b051b45a6a3953a5794a9aa731a94ee837f2e,https://github.com/redisinsight/redisinsight.git
redwoodjs/agent-ci,typescript,39,16,6e69d5e473212efdf63c046a8adf682ece0ca771,edce84b8b171c3e219717cb1604324f3ec3fa681,https://github.com/redwoodjs/agent-ci.git
redwoodjs/sdk,typescript,3,2,be0ba8f6bb3bfe4e3a8750419b3804d269a1076e,aed1acaec06f33296bf5f274d0ed081df8ddaedb,https://github.com/redwoodjs/sdk.git
refactoringhq/tolaria,typescript,72,39,a36bcd6d4383a302b3724570f2d0ecca995b86ae,29bc072e56f9df8c948b3a6c2e5ba8347132f720,https://github.com/refactoringhq/tolaria.git
rekog-labs/MCP-Nest,typescript,1,1,6214bce3043488571319b2ccea65b16d930e0a75,6214bce3043488571319b2ccea65b16d930e0a75,https://github.com/rekog-labs/MCP-Nest.git
renovatebot/renovate,typescript,9,6,b5cd0317cf0be7a1abbfc12c34f7e3b576031eb7,2d0bd993089d04dea472e53a63ed7fdc0a1aabf1,https://github.com/renovatebot/renovate.git
replexica/replexica,typescript,3,2,d9181a56f492811c7fc024bbaca802c35149eb3a,543d59f4b21186e929fde882d8b3dfe67f9c7521,https://github.com/replexica/replexica.git
revenuecat/react-native-purchases,typescript,2,1,907f6fbb1fb864f277cdad6a38d414e3d37b4ce6,907f6fbb1fb864f277cdad6a38d414e3d37b4ce6,https://github.com/revenuecat/react-native-purchases.git
riba2534/happyclaw,typescript,35,5,22e4dc6ca2b35703daf2c0daacbb78cec745104a,48d8c1149c02aa25d5e25cbf3d54bfd9c782fe06,https://github.com/riba2534/happyclaw.git
ripple/ripple-lib,typescript,2,1,013a83fd63ebb8e25c2a0a261c679a787ebe7731,013a83fd63ebb8e25c2a0a261c679a787ebe7731,https://github.com/ripple/ripple-lib.git
rivet-dev/sandbox-agent,typescript,3,1,d8b8b49f37f4d07ddd705b0af382351cbef32013,d8b8b49f37f4d07ddd705b0af382351cbef32013,https://github.com/rivet-dev/sandbox-agent.git
rivet-gg/actor-core,typescript,3,1,c499522dd13b8b3dc4e2e849fa6d4b5566a8d1cc,c499522dd13b8b3dc4e2e849fa6d4b5566a8d1cc,https://github.com/rivet-gg/actor-core.git
rocicorp/mono,typescript,3,2,dc69d223241a91f6138748fa63e5b3291839f867,b3ec0a1e1822253b6a08b8f3dcbfd64e6f762673,https://github.com/rocicorp/mono.git
rocketchat/rocket.chat,typescript,12,3,cb3e57004266e7a4a5908b997626a67c5d3b24b2,f65cd9be3264a4285e709049acb303caef0b9eae,https://github.com/rocketchat/rocket.chat.git
rocketchat/rocket.chat.electron,typescript,1,1,0e7d83efb67f62dbea3f0ffc244153c9dcd5c543,0e7d83efb67f62dbea3f0ffc244153c9dcd5c543,https://github.com/rocketchat/rocket.chat.electron.git
rolling-scopes/rsschool-app,typescript,15,14,72157ed12dbc6cee31d0cfeeb113f53fdcf6af3d,9d592d5e207b20a3490d16ebaf356870e91abc37,https://github.com/rolling-scopes/rsschool-app.git
rowboatlabs/rowboat,typescript,2,1,45bdbfcbbcdab7b787c56b1dbbaf73af280a4d26,45bdbfcbbcdab7b787c56b1dbbaf73af280a4d26,https://github.com/rowboatlabs/rowboat.git
ruvnet/agentic-flow,typescript,513,51,24fd439359585ed96564699be62f31aa61dfc705,a65ae9e0cf9b73654290e48760bed7b34161499b,https://github.com/ruvnet/agentic-flow.git
ruvnet/claude-flow,typescript,876,80,dba545f012ea92a2375a26332bbf3797495e93c9,f25bcf2073cd8b7d840dcd2680ee29b8d3e6ba7a,https://github.com/ruvnet/claude-flow.git
rynfar/meridian,typescript,4,2,f9f4b6ff3a53a13a09b1cd341b39bf88be8e9fad,16a62b4f6a29f2dc8a1edc1590d401986fa51fe1,https://github.com/rynfar/meridian.git
safe-global/safe-wallet-monorepo,typescript,70,25,ac8cfe17f6d177a7160b85b174e1f94489764293,3e276e3f488fd04a042dcc72b632c33512a1e7e9,https://github.com/safe-global/safe-wallet-monorepo.git
sagemathinc/cocalc,typescript,3,3,491cc9c6e8de7744296af6f74f05469e43ca43d1,424ad0506d81c2f26fb656df26248c6c7dce0358,https://github.com/sagemathinc/cocalc.git
saltbo/zpan,typescript,28,4,f1604c7c683508f713cd066412e2198140433a3a,705aa67a2d98f0ad11244850e7d70dc29ac703c6,https://github.com/saltbo/zpan.git
sanity-io/sanity,typescript,27,14,28787561e762cdf24d49428a07b523657da8e77d,4a56294cdc5308becd40ac8448285069c9c4bd5b,https://github.com/sanity-io/sanity.git
saoudrizwan/claude-dev,typescript,115,48,7a9dce4f86f154bda9279adfa8abdb852f5a0dfc,444a9be6ec12080a895926cbfcb342b5f5a21955,https://github.com/saoudrizwan/claude-dev.git
scalar/scalar,typescript,10,6,9ba7f7ec5001b128b119bb54d10d0a622c68e58f,d1e408ada88fdf9ae6645b2886c5f069d7e90e99,https://github.com/scalar/scalar.git
secretlint/secretlint,typescript,11,1,86ca775bfdba7e353cc8dc553c9b7c5ade0ad6f6,86ca775bfdba7e353cc8dc553c9b7c5ade0ad6f6,https://github.com/secretlint/secretlint.git
serverless-stack/serverless-stack,typescript,4,2,7eabd8d2cc4841c35d420b02f93ef06a4cea6ea7,cf8d0bda5aa80154effc5475392f1b5151d2993e,https://github.com/serverless-stack/serverless-stack.git
shd101wyy/crossnote,typescript,28,4,84ba9f4093dcca1cebeb408bd0327da32fef19c4,5588ca2121c3da43fe331575dc5cf4ef347b91ee,https://github.com/shd101wyy/crossnote.git
shelf-nu/shelf.nu,typescript,5,3,568d5d1308f2a5f95de9ee156e1fc0745847e0c6,63a840875f0f0ee1638e259ff4a2958a80c438af,https://github.com/shelf-nu/shelf.nu.git
shopify/cli,typescript,10,6,0e4d21b435bab77c096b600682d5a9fb5df0587a,0a6d7c720e3e68efcf136db53acc269907f23384,https://github.com/shopify/cli.git
shopify/flash-list,typescript,6,1,8c0081711b87f5bf7d53bd679962110ae6d5265e,8c0081711b87f5bf7d53bd679962110ae6d5265e,https://github.com/shopify/flash-list.git
shopify/hydrogen,typescript,7,4,89d417c861848a7cca59b091521166b513a84464,2fa1108bf899377a949f612694fd8c67b5151a77,https://github.com/shopify/hydrogen.git
shrimbly/node-banana,typescript,118,49,e743f670fe5424111a7b4e86898a612485fbd3bb,920ea81c546634adc030ed87754db181d0c1ea4a,https://github.com/shrimbly/node-banana.git
sidequestjs/sidequest,typescript,1,1,cd6666318fb1786e09354954c39cc76ed24c11b5,cd6666318fb1786e09354954c39cc76ed24c11b5,https://github.com/sidequestjs/sidequest.git
silvertakana/worldwideview,typescript,7,3,a475a5a562f4c82b82966d73d89f462674960261,b5f8c9ff32c6e59bd05244531020d6c5a5bf5321,https://github.com/silvertakana/worldwideview.git
simple10/agents-observe,typescript,2,2,84ab97520947e9c6d3c7d79fd9049e005ac88d2b,fc5523be8519dce35c960ae95d80fff03d8d2c21,https://github.com/simple10/agents-observe.git
simstudioai/sim,typescript,32,17,4db6e556b78617c7903a9443bcc8d06b6a9e1877,15a970d8051d2e7adb2b4e27699be4ee1efd0ad0,https://github.com/simstudioai/sim.git
sirmalloc/ccstatusline,typescript,20,8,0092c241a6c8f9beacfe43f7bb8cee43b6752e8b,7db0914856e0adf2c94fb1b304a9082a8b94eefd,https://github.com/sirmalloc/ccstatusline.git
six7/figma-tokens,typescript,7,6,faaee7b582a89e7fd6fabae5de0088f9f7152500,8a9c5e0e7497605377b6dea62b8ddb12574c84e6,https://github.com/six7/figma-tokens.git
skaldlabs/skald,typescript,26,1,00ae65fd24480969a6278aa796729a0a988fd818,00ae65fd24480969a6278aa796729a0a988fd818,https://github.com/skaldlabs/skald.git
skyscanner/backpack,typescript,21,6,3a22f6492a31c73a59c35fa704ba29b8b5eab266,eec09d50420c729482914478a45db6fa58ef9c97,https://github.com/skyscanner/backpack.git
slopus/happy,typescript,19,7,d790bd43f74aadabeafa40ddc0e856d4f9233a59,aeeb1cc5ec23bf88fe280a82b5b4484f13cfa253,https://github.com/slopus/happy.git
smithery-ai/cli,typescript,3,2,3972b6871453dba977b6699f628608f2db525617,e394217c1980b59804991f846b1eb33df67b3bf3,https://github.com/smithery-ai/cli.git
snoopforms/snoopforms,typescript,17,3,409f5b17913a254027b5f56a8999709b425e2cc1,8aa2594a9e9a5c137d9ee4b28d75692f04193bcf,https://github.com/snoopforms/snoopforms.git
snowplow/snowplow-javascript-tracker,typescript,5,3,b3f618b5e53f2abdaa4ba4f43968cd3851359a38,7bf4f4f81d029ce5ba967362db43377447fea816,https://github.com/snowplow/snowplow-javascript-tracker.git
sourcebot-dev/sourcebot,typescript,4,2,ba6e2b4666279947ec8bd660c6ba1688d8326b4d,651700bc37ee8c1f305ee4c68473806074ab8450,https://github.com/sourcebot-dev/sourcebot.git
southleft/figma-console-mcp,typescript,1,1,93db7f5859af6c003a1ecf60b17703c39e9c6efa,93db7f5859af6c003a1ecf60b17703c39e9c6efa,https://github.com/southleft/figma-console-mcp.git
spool-lab/spool,typescript,39,20,ad56f4649436deb8ae5456e9ccd5e67f809550a5,099ed206d861b020304b10c928765a386703e9f3,https://github.com/spool-lab/spool.git
srbhr/Resume-Matcher,typescript,14,9,d4aea77c0467c6da5132098e2ab755d38e63e901,05edbadc8708e7fdeed34e9aa191915ae215a866,https://github.com/srbhr/Resume-Matcher.git
stablyai/orca,typescript,18,14,cff5b034e41e4530dc6fab3e8e870e8fc3069340,bb0e98fcd1fb6673d21dbee9d834689da2980bdf,https://github.com/stablyai/orca.git
stack-auth/stack,typescript,1,1,75e497f3ec1a11f6cf9a9ba64a1659117c3dc8fe,75e497f3ec1a11f6cf9a9ba64a1659117c3dc8fe,https://github.com/stack-auth/stack.git
stacksjs/stacks,typescript,73,39,d9a55afa2042114e7316036b107ae5e13abc449d,a747b8fb6741010863d507a3a8d5bbf82b1ce59a,https://github.com/stacksjs/stacks.git
stagewise-io/stagewise,typescript,4,1,814050015f1174322d413691c18431c48bbb91d6,814050015f1174322d413691c18431c48bbb91d6,https://github.com/stagewise-io/stagewise.git
steedos/steedos-platform,typescript,1,1,ed21d4cc20a13e45dc1501498a0c39e3680e8102,ed21d4cc20a13e45dc1501498a0c39e3680e8102,https://github.com/steedos/steedos-platform.git
strapi/strapi,typescript,17,6,1153e05e6e54eead0bff0656c85335cef8e9ccf0,d3bbfe43e619097c857e64c8aa0b125124bfb52d,https://github.com/strapi/strapi.git
stravu/crystal,typescript,7,2,bf5b7a0b716dd9e4bc261d4c68413f30d9efea67,9b5e01bef9953dedba4849c13b1fc0d43e96a3ac,https://github.com/stravu/crystal.git
stripe/stripe-node,typescript,1,1,6daca1e550c6019ef3bf3d766b5f50d7bd101efd,6daca1e550c6019ef3bf3d766b5f50d7bd101efd,https://github.com/stripe/stripe-node.git
stripe/sync-engine,typescript,66,23,4eb9ee9268e66d7556de2e3afa677f8d7c31ecb4,054df0c5d2d1f9dfcdefd4e32adb93f44cc829b9,https://github.com/stripe/sync-engine.git
strukto-ai/mirage,typescript,1,1,5a2d1ff0026c3416850228cb989ddf1d3c0856fd,5a2d1ff0026c3416850228cb989ddf1d3c0856fd,https://github.com/strukto-ai/mirage.git
styled-components/styled-components,typescript,1,1,f674224ece29a6e93a64488ad71c4fa86cf3ec1b,f674224ece29a6e93a64488ad71c4fa86cf3ec1b,https://github.com/styled-components/styled-components.git
subsy/ralph-tui,typescript,22,7,53c3043df34da86bafa0709bcc9fd6165f475982,90e16c902b663df3f9c69fb026c07a55dd83326b,https://github.com/subsy/ralph-tui.git
sugyan/claude-code-webui,typescript,5,1,863c7c4de5049122c381af5837475b9943eced2d,863c7c4de5049122c381af5837475b9943eced2d,https://github.com/sugyan/claude-code-webui.git
superset-sh/superset,typescript,8,2,4c0bf701bb606f2997f25be11c462b1a62be2de8,4e35e22967772619b0c5117adac289b8213344ca,https://github.com/superset-sh/superset.git
swaponline/multicurrencywallet,typescript,19,5,194d97d8efb069b3470600e114733e58fe3c7369,e72d880fc451d4a0e9f0041563138d9a505eafeb,https://github.com/swaponline/multicurrencywallet.git
swarmclawai/swarmclaw,typescript,2,1,4580c573c4c6c57f755fd0ae5d82844dd89f6190,4580c573c4c6c57f755fd0ae5d82844dd89f6190,https://github.com/swarmclawai/swarmclaw.git
syuilo/misskey,typescript,5,1,f6fc78f578c344172349f7795b168b2992953bd0,f6fc78f578c344172349f7795b168b2992953bd0,https://github.com/syuilo/misskey.git
tambo-ai/tambo,typescript,66,24,e7b0aaaa5d02ba21b5b9b81d0adb267e2ef4f8ff,cdb3ba46802c4fb16f7961c7366ea50a69acebc1,https://github.com/tambo-ai/tambo.git
team-mirai-volunteer/marumie,typescript,35,11,3e0870f451c5d4468ff9524199e70f66e8a3158d,f6506742641e5b9116c613d90fa428538abdfda0,https://github.com/team-mirai-volunteer/marumie.git
team9ai/team9,typescript,158,71,5fb930af0a6344ca4d0a39b5b199ebbc5b0cf172,7fdcb4051e86db85fc1f7e877d725643f2d22ce8,https://github.com/team9ai/team9.git
teambit/bit,typescript,1,1,1c63a948410b7eb04c296ca1f8ccb3f98132d295,1c63a948410b7eb04c296ca1f8ccb3f98132d295,https://github.com/teambit/bit.git
tegnike/aituber-kit,typescript,118,15,69b155451e625eb06b798867445032e315915a5e,235726f4499c7709ba94ef22d6a36351c36364fc,https://github.com/tegnike/aituber-kit.git
tegojs/tego,typescript,5,1,63559618814b3831cff0e0765c92332b9360cc6c,63559618814b3831cff0e0765c92332b9360cc6c,https://github.com/tegojs/tego.git
terraforming-mars/terraforming-mars,typescript,2,1,f252ace163c0b3509094344155aa7af94f7dd137,f252ace163c0b3509094344155aa7af94f7dd137,https://github.com/terraforming-mars/terraforming-mars.git
thecodingmachine/workadventure,typescript,4,3,3a53c2bbafb2c3dc9ba060ee15bc8164086f4520,441b24bce0adec07e7e52946125c2880d5600d3a,https://github.com/thecodingmachine/workadventure.git
thedaviddias/llms-txt-hub,typescript,6,2,e443528f078462e6f7548d42f3145fc4a9a24ba1,28e904eef681a89dcc57a55c24432842b4f03ff1,https://github.com/thedaviddias/llms-txt-hub.git
thedotmack/claude-mem,typescript,97,35,52d2f72a82d9b945175d0e13afd65d025abdde17,11eb9a1b72fdad2b6cd5baea9cbbd464dd52663f,https://github.com/thedotmack/claude-mem.git
theoephraim/node-google-spreadsheet,typescript,52,2,c1db5001accd4dbdb9cc4da08bed7de77b9ed2d5,a2f00b2fc5236987573dcff123450c34af6474b2,https://github.com/theoephraim/node-google-spreadsheet.git
theopenco/llmgateway,typescript,45,20,6347ee9529e1ae8261bb2644f2e0351d10605be7,561b6251d7be1cd9e26918404329080e728e4973,https://github.com/theopenco/llmgateway.git
thesongzhu/Friday,typescript,109,44,86ecc2db6dcd82293f1ed9299f789e69e0729609,5ffa8570423d7c87810c14e0a868821e2d2abbcd,https://github.com/thesongzhu/Friday.git
thomasnordquist/mqtt-explorer,typescript,1,1,d392fe734232bee5da870a69645dc39a6cf2aa4c,d392fe734232bee5da870a69645dc39a6cf2aa4c,https://github.com/thomasnordquist/mqtt-explorer.git
thunderbird/thunderbolt,typescript,12,5,35183657dd3605e232d33a827121e5554040cef9,29dc18e5f38ac7f16a717564c063d4159bdd1f40,https://github.com/thunderbird/thunderbolt.git
thymikee/jest-preset-angular,typescript,1,1,70107300b9644cb45af90199064cf34f803fd60f,70107300b9644cb45af90199064cf34f803fd60f,https://github.com/thymikee/jest-preset-angular.git
tiann/hapi,typescript,37,6,18bcb522e17db726489438c0ece8b1e07449d727,a0259b531e5fae11774c83a47a165a4c628d3578,https://github.com/tiann/hapi.git
tinacms/tinacms,typescript,20,6,f124eabaca10dac9a4d765c9e4135813c4830955,42760d8f5afd201107e27e274308af37f96ba8d0,https://github.com/tinacms/tinacms.git
tinkoffcreditsystems/taiga-ui,typescript,1,1,ac8653330dc14007149ef88d1321d31efc69d77d,ac8653330dc14007149ef88d1321d31efc69d77d,https://github.com/tinkoffcreditsystems/taiga-ui.git
tldraw/tldraw,typescript,71,10,ed47bf46edcdbd9f08526264be77a53640c5520f,a02e41a838498bd9f0e14a2dca2a3b1115c75321,https://github.com/tldraw/tldraw.git
tobi/qmd,typescript,17,5,bab46dacb216340cc448e2f92f62c598f5fb3965,053252ca24e93775171364e85c0ed82f6e248491,https://github.com/tobi/qmd.git
tonl-dev/tonl,typescript,5,2,146936734339f1ef1463d9536af76d6131c63df4,c7eda60d05cbeedd5fa2b20afdb32762a098dc35,https://github.com/tonl-dev/tonl.git
traceroot-ai/traceroot,typescript,33,17,3bd7e5986f5139f2ac68880f9c192ac76761cb6e,17b10f8487514a188ef72ff541cdc93a88af9310,https://github.com/traceroot-ai/traceroot.git
trezor/trezor-suite,typescript,4,3,e07eed84c9bc1c52870fd5e85e7f8da837404957,29363b6b80145259ff0d6b783bc8e8349244953c,https://github.com/trezor/trezor-suite.git
triggerdotdev/trigger.dev,typescript,9,3,8aa1e5558828bcb8cc2750282ca637cee88d4bec,6bcd369ea1a14a167d1b3f376d1abc3dcc88f68c,https://github.com/triggerdotdev/trigger.dev.git
trpc/trpc,typescript,10,1,4b955d29620410a5d853ff955273b4c68e9618bf,4b955d29620410a5d853ff955273b4c68e9618bf,https://github.com/trpc/trpc.git
trycompai/comp,typescript,118,47,2fa21e4bf03db4e3881644a507c57f68740a0d53,923128658d02057ae9a8eeeaefaf52890f464203,https://github.com/trycompai/comp.git
typeorm/typeorm,typescript,4,2,4c8fc3a7cbd2e2db90d2ade43b151bbf1c40814b,981d601115e863dd8c5781cf8461dbaf57012b71,https://github.com/typeorm/typeorm.git
udecode/plate,typescript,18,3,0a657e98db872c9db81529cef362c8e6915955e9,13dbdcdeaa49518aa82d94acf1ba4cfc87965f24,https://github.com/udecode/plate.git
ueberdosis/tiptap,typescript,20,11,35645d94ae9cd73448a564104c2e08f64e9564bc,a9efd4d046757c638feddd9a6d72022dcdeb0bbf,https://github.com/ueberdosis/tiptap.git
unkeyed/unkey,typescript,1,1,9d0f00d5f6bce53c407edf2ad958e811057461fa,9d0f00d5f6bce53c407edf2ad958e811057461fa,https://github.com/unkeyed/unkey.git
unsend-dev/unsend,typescript,6,1,e3e9635a5f4529413d16ceb246854134c80d0cb1,e3e9635a5f4529413d16ceb246854134c80d0cb1,https://github.com/unsend-dev/unsend.git
upstash/context7,typescript,1,1,1324ee14b2e58e5ad73610451124b53e729807df,1324ee14b2e58e5ad73610451124b53e729807df,https://github.com/upstash/context7.git
useautumn/autumn,typescript,2,1,8f70d3e81761224c477c866278d27f90c2837af5,8f70d3e81761224c477c866278d27f90c2837af5,https://github.com/useautumn/autumn.git
vercel-labs/ai,typescript,20,11,4c8f83444afec3a940900083f8b07cd7f92b801e,275674e5ea2e99b3f638bd9048db497675f8c5b3,https://github.com/vercel-labs/ai.git
vercel-labs/dev3000,typescript,5,3,322d0d628ecb33b078cf6ebed0a3e74059940335,8cb432cad11e38b28f3f383a2cf8e5ccd7e6dd89,https://github.com/vercel-labs/dev3000.git
vercel-labs/just-bash,typescript,20,2,1b3de645f2e5ffda77c213c1ed71972fc4caa0aa,dce08928dc4f26fe4680267ea1b3999dcb68fd40,https://github.com/vercel-labs/just-bash.git
vercel-labs/open-agents,typescript,2,1,8db5253d95b64c24310758de3fd955e0f05c2ddb,8db5253d95b64c24310758de3fd955e0f05c2ddb,https://github.com/vercel-labs/open-agents.git
vercel/ai-elements,typescript,3,3,cc59f4d36f80a71f1de7bf0f6dc92346c32eefc0,ea591fc4338fd8f6c3e72691b1d93277c5b33b33,https://github.com/vercel/ai-elements.git
vercel/chat,typescript,14,3,8fe175f7fe85573331b481a3673d7153562e9c3c,68025ca9659757b79b4ca7080c9bf4e8508f8903,https://github.com/vercel/chat.git
vercel/flags,typescript,1,1,bd4d01a9b2b5d70bf7ae62cda645d8cd7292ad83,bd4d01a9b2b5d70bf7ae62cda645d8cd7292ad83,https://github.com/vercel/flags.git
vercel/streamdown,typescript,20,1,01de03184a79799fd74e6fa7e1f64a735513270f,01de03184a79799fd74e6fa7e1f64a735513270f,https://github.com/vercel/streamdown.git
vercel/vercel,typescript,86,36,168e320bcf21d90b6705dfe7acb043e4a3753034,07d3fe2f0f6d8d25a4e0067a8ddfe5cf3af584fa,https://github.com/vercel/vercel.git
vercel/workflow,typescript,14,7,c71befe8ec73765e67b7f2e0627251643ab245d4,66ca0dcc096440f39dd234e04669e1fc7bf2d615,https://github.com/vercel/workflow.git
videojs/v10,typescript,34,5,27a3993fb20af0523e42b0d03c70a6f5a465d144,accf4bfa34f89a8ed90bd005a414507ad1491f43,https://github.com/videojs/v10.git
vitest-dev/vitest,typescript,4,1,99e52fe583196f9ed3ce1d9247c258045cc99550,99e52fe583196f9ed3ce1d9247c258045cc99550,https://github.com/vitest-dev/vitest.git
vm0-ai/vm0,typescript,903,298,c8557031027ccc03d147f164bd03821962a71daa,f1275d0fb851ba2a73c4439fbd357b8fc2b11567,https://github.com/vm0-ai/vm0.git
voicetreelab/voicetree,typescript,350,151,aacf30771efc59c770c45ead89eb0ac0cc91d209,84aa60233fc8ba741c97bec5b47e84fee4610c92,https://github.com/voicetreelab/voicetree.git
voxelum/x-minecraft-launcher,typescript,2,1,0671188522099095e9cb983e735e1351051c6789,0671188522099095e9cb983e735e1351051c6789,https://github.com/voxelum/x-minecraft-launcher.git
vybestack/llxprt-code,typescript,19,11,cdfbfcc8b49d5923d0bb21254b53a38222a6b3ba,c06bb1259ff8c2bd5e7eb50a873a2358ae9a9abb,https://github.com/vybestack/llxprt-code.git
walletconnect/walletconnect-monorepo,typescript,9,3,5888f9317b592fca69503842f6289c445229b4f7,ebc61853f43deec9057ac481ed5c14d22d86a820,https://github.com/walletconnect/walletconnect-monorepo.git
walletconnect/web3modal,typescript,7,4,a26ea9498f21d5419e9c7fa0cc567bc5d04a5173,8e93778e952a12c5c33f668b7f80133826dafb65,https://github.com/walletconnect/web3modal.git
wbopan/cui,typescript,28,9,2c748d8575e1afd3b19ae22dd2c173471c9c9103,369b1f97282e943cb0a521f37d58ee52d27df835,https://github.com/wbopan/cui.git
web-infra-dev/midscene,typescript,24,15,c9f9a48c70ea767a7383ad5798e39dd12181a3d4,6b2a40b528cf2393e6c1128658e9ba4ac7a474e5,https://github.com/web-infra-dev/midscene.git
webiny/webiny-js,typescript,2,1,82b3fd15dc811c34c320a024fa25e7ed07431e13,82b3fd15dc811c34c320a024fa25e7ed07431e13,https://github.com/webiny/webiny-js.git
weseek/growi,typescript,22,14,56f9087ce885d10e63d3b7b782523ac8f6dd33b9,0fe8317e9b502319376b3f00c00194b58c3682d4,https://github.com/weseek/growi.git
whisper-money/whisper-money,typescript,1,1,dbec1c4c134a257b95c3c1402590a6727026a4d4,dbec1c4c134a257b95c3c1402590a6727026a4d4,https://github.com/whisper-money/whisper-money.git
whitphx/stlite,typescript,1,1,a3aa0fb70ec631aba6e7f73dec74b10236518da5,a3aa0fb70ec631aba6e7f73dec74b10236518da5,https://github.com/whitphx/stlite.git
win4r/lossless-claw-enhanced,typescript,2,1,c4e5147f23b55ab95fe6dd1b28c6df1f88b0f2bc,c4e5147f23b55ab95fe6dd1b28c6df1f88b0f2bc,https://github.com/win4r/lossless-claw-enhanced.git
wireapp/wire-webapp,typescript,25,4,fe46a0bfe9a06e657321416498b6697359fb3459,e82f6fca457b894fbd4dd2b7a9bdfd95df16d5a3,https://github.com/wireapp/wire-webapp.git
withstudiocms/studiocms,typescript,6,3,b7871eff7982a786edf7ee42e4f024295faacb99,39cf90dc8acdaff624f4a170e82bd97f7dd5703a,https://github.com/withstudiocms/studiocms.git
wu529778790/panhub.shenzjd.com,typescript,2,1,677c587be1d014a0850ef918db848b101ba9752b,677c587be1d014a0850ef918db848b101ba9752b,https://github.com/wu529778790/panhub.shenzjd.com.git
wundergraph/cosmo,typescript,15,1,3227519b3cc7b2dbc163856967bfe36cebf81887,3227519b3cc7b2dbc163856967bfe36cebf81887,https://github.com/wundergraph/cosmo.git
xbrowsersync/app,typescript,21,1,5c2adffbec4af792750e0ed6ce318ba120d56a6e,5c2adffbec4af792750e0ed6ce318ba120d56a6e,https://github.com/xbrowsersync/app.git
xintaofei/codeg,typescript,19,8,35e9173b3116869aeff10b4a4f3020afcf2e790d,a16f9e4e61a28656ca67958019e154ad24296bb3,https://github.com/xintaofei/codeg.git
xvirobotics/metabot,typescript,24,10,11ec3c2a20085bf92eb9e48f9de69155a18bf39a,74d69cfdc12882efae54f1b2a9d6c60ac9091884,https://github.com/xvirobotics/metabot.git
yamada-ui/yamada-ui,typescript,3,2,5ffd64e6839642f6c6c86b849d99628e9ee755ac,18010f209e38ab23a2f875af40b4e12b380622ea,https://github.com/yamada-ui/yamada-ui.git
yamadashy/repomix,typescript,17,8,e126b15ba9fadbb84eb0580046adba967f8ba1a2,2308ba16fb0b582a7c0fd7aa31c291763fe9ac21,https://github.com/yamadashy/repomix.git
yigitkonur/cli-continues,typescript,1,1,1a9f8855e4e0271b5f080b3f87322b84fd37ec2f,1a9f8855e4e0271b5f080b3f87322b84fd37ec2f,https://github.com/yigitkonur/cli-continues.git
yoannmoinet/nipplejs,typescript,10,3,291649ef3e9260f2a1cbab2b9f5f696417a6f294,fc0e27f9351732f210d6e39f6b9f1ce5531f7583,https://github.com/yoannmoinet/nipplejs.git
yoshiko-pg/reviewit,typescript,31,11,b099338b74002b1654bb8ab0239d3ec360250c14,8abf1c4b307289489c47fd3cddc44d818f9059b0,https://github.com/yoshiko-pg/reviewit.git
yunyoujun/valaxy,typescript,4,2,71724c2608cbe74dd5507fc4ac4de21edd307dec,efa5a823e1473fe4b02af4c3f8272dcdf848dc9e,https://github.com/yunyoujun/valaxy.git
zed-industries/claude-code-acp,typescript,6,2,6572fcf978150f62eb21cf91cbce0f6f510c36ca,6253b1611ece2d5f4f9c9e2703fd54db1a7b7230,https://github.com/zed-industries/claude-code-acp.git
zenn-dev/zenn-editor,typescript,2,1,129da49a2f06927480aeb9b65e258b25e89bb2a8,129da49a2f06927480aeb9b65e258b25e89bb2a8,https://github.com/zenn-dev/zenn-editor.git
zenstackhq/zenstack,typescript,13,6,ae407ac040fcfc1baf74462f748ec77927244aed,ce50d3ba4804c8f5095f19fdf74d405dc4b182b3,https://github.com/zenstackhq/zenstack.git
zereight/gitlab-mcp,typescript,18,7,2e4a0eb7dc50414d0efe53987321be62c6c2e10b,0cd8f78fbc879a608a1a1a3765792a1553f44981,https://github.com/zereight/gitlab-mcp.git
zts212653/clowder-ai,typescript,823,16,44f2bbd97426278589f1a98572ec1ea678e7b144,0f5a2b17ce3d43d73261acda0cbb8ada4d8c7c9f,https://github.com/zts212653/clowder-ai.git
zuplo/zudoku,typescript,8,2,3d795939462be652efd321813b111c6421449ddf,5ae81e2dd92bffdcde0631968df113b8a40d6971,https://github.com/zuplo/zudoku.git
