repo_name,language,clone_url,github_id,created_at,topics,stars
hiddenramblings/tagmo,javascript,https://github.com/hiddenramblings/tagmo.git,3257608,,,
weizhiqiang1995/skyeye,javascript,https://github.com/weizhiqiang1995/skyeye.git,3265567,,,
didi/agiletc,javascript,https://github.com/didi/agiletc.git,3269804,,,
theotherp/nzbhydra2,javascript,https://github.com/theotherp/nzbhydra2.git,3271938,,,
enilu/web-flash,javascript,https://github.com/enilu/web-flash.git,3273249,,,
htmlunit/htmlunit,javascript,https://github.com/htmlunit/htmlunit.git,3273300,,,
aitangbao/springboot-manager,javascript,https://github.com/aitangbao/springboot-manager.git,3273317,,,
yuzutech/kroki,javascript,https://github.com/yuzutech/kroki.git,3275819,,,
o2oa/o2oa,javascript,https://github.com/o2oa/o2oa.git,3276757,,,
chatopera/cskefu,javascript,https://github.com/chatopera/cskefu.git,3276765,,,
tomblachut/svelte-intellij,javascript,https://github.com/tomblachut/svelte-intellij.git,3294772,,,
jpressprojects/jpress,javascript,https://github.com/jpressprojects/jpress.git,3371048,,,
sixeyed/diamol,javascript,https://github.com/sixeyed/diamol.git,3449890,,,
reactunity/core,javascript,https://github.com/reactunity/core.git,3460055,,,
edwinvw/pitstop,javascript,https://github.com/edwinvw/pitstop.git,3462051,,,
newlifex/newlife.cube,javascript,https://github.com/newlifex/newlife.cube.git,3462122,,,
microsoft/botbuilder-samples,javascript,https://github.com/microsoft/botbuilder-samples.git,3464118,,,
williamxu96/abp-microservice,javascript,https://github.com/williamxu96/abp-microservice.git,3464877,,,
twitterdev/twitter-api-v2-sample-code,javascript,https://github.com/twitterdev/twitter-api-v2-sample-code.git,3476679,,,
boscop/web-view,javascript,https://github.com/boscop/web-view.git,3488808,,,
wargio/r2dec-js,javascript,https://github.com/wargio/r2dec-js.git,3488903,,,
siteserver/cms,javascript,https://github.com/siteserver/cms.git,3499848,,,
unsignedapps/swift-create-xcframework,javascript,https://github.com/unsignedapps/swift-create-xcframework.git,3749355,,,
ivanmathy/boop,javascript,https://github.com/ivanmathy/boop.git,3753408,,,
airsonic-advanced/airsonic-advanced,javascript,https://github.com/airsonic-advanced/airsonic-advanced.git,3797177,,,
grpc/grpc-web,javascript,https://github.com/grpc/grpc-web.git,3898407,,,
thomasjacquin/allsky,javascript,https://github.com/thomasjacquin/allsky.git,3908632,,,
line/promgen,javascript,https://github.com/line/promgen.git,3919379,,,
rizwansoaib/whatsapp-monitor,javascript,https://github.com/rizwansoaib/whatsapp-monitor.git,3919432,,,
sharpai/deepcamera,javascript,https://github.com/sharpai/deepcamera.git,3923905,,,
ch0pin/medusa,javascript,https://github.com/ch0pin/medusa.git,3923978,,,
githublitao/api_automation_test,javascript,https://github.com/githublitao/api_automation_test.git,3927650,,,
toolgood/toolgood.words,javascript,https://github.com/toolgood/toolgood.words.git,3957939,,,
adamchainz/django-htmx,javascript,https://github.com/adamchainz/django-htmx.git,3958671,,,
its-a-feature/mythic,javascript,https://github.com/its-a-feature/mythic.git,3962706,,,
basnijholt/home-assistant-config,javascript,https://github.com/basnijholt/home-assistant-config.git,3966934,,,
user234683/youtube-local,javascript,https://github.com/user234683/youtube-local.git,3969827,,,
facebook/hermes,javascript,https://github.com/facebook/hermes.git,3978359,,,
archerysec/archerysec,javascript,https://github.com/archerysec/archerysec.git,3981904,,,
scality/zenko,javascript,https://github.com/scality/zenko.git,3982590,,,
jesse-ai/jesse,javascript,https://github.com/jesse-ai/jesse.git,3992666,,,
lonero-team/decentralized-internet,javascript,https://github.com/lonero-team/decentralized-internet.git,3993180,,,
danruta/xva-synth,javascript,https://github.com/danruta/xva-synth.git,3997168,,,
orgapp/orgajs,javascript,https://github.com/orgapp/orgajs.git,4045234,,,
alitajs/alita,javascript,https://github.com/alitajs/alita.git,4045252,,,
lhz516/react-h5-audio-player,javascript,https://github.com/lhz516/react-h5-audio-player.git,4045296,,,
eez-open/studio,javascript,https://github.com/eez-open/studio.git,4048476,,,
xcatliu/pagic,javascript,https://github.com/xcatliu/pagic.git,4051188,,,
enable3d/enable3d,javascript,https://github.com/enable3d/enable3d.git,4052308,,,
modulz/stitches,javascript,https://github.com/modulz/stitches.git,4053165,,,
indeedeng/k8dash,javascript,https://github.com/indeedeng/k8dash.git,4053205,,,
googleapis/nodejs-dialogflow,javascript,https://github.com/googleapis/nodejs-dialogflow.git,4055051,,,
mantou132/spotify-lyrics,javascript,https://github.com/mantou132/spotify-lyrics.git,4055221,,,
thedevs-network/kutt,javascript,https://github.com/thedevs-network/kutt.git,4056754,,,
mrmlnc/fast-glob,javascript,https://github.com/mrmlnc/fast-glob.git,4057219,,,
garrylachman/electrocrud,javascript,https://github.com/garrylachman/electrocrud.git,4070871,,,
0xgg/crossnote,javascript,https://github.com/0xgg/crossnote.git,4070930,,,
httptoolkit/httptoolkit-server,javascript,https://github.com/httptoolkit/httptoolkit-server.git,4071735,,,
juliomrqz/statusfy,javascript,https://github.com/juliomrqz/statusfy.git,4073608,,,
urigo/sofa,javascript,https://github.com/urigo/sofa.git,4073679,,,
foundry376/mailspring,javascript,https://github.com/foundry376/mailspring.git,4097403,,,
umijs/dumi,javascript,https://github.com/umijs/dumi.git,4099203,,,
sveltejs/svelte,javascript,https://github.com/sveltejs/svelte.git,4104357,,,
hotwired/turbo,javascript,https://github.com/hotwired/turbo.git,4104467,,,
tw-in-js/twind,javascript,https://github.com/tw-in-js/twind.git,4109746,,,
fossasia/loklak_walls,javascript,https://github.com/fossasia/loklak_walls.git,4256393,,,
joshwcomeau/redux-vcr,javascript,https://github.com/joshwcomeau/redux-vcr.git,4258715,,,
krasimir/cssx,javascript,https://github.com/krasimir/cssx.git,4263008,,,
taion/rrtr,javascript,https://github.com/taion/rrtr.git,4263021,,,
k-vyn/framer-ios-kit,javascript,https://github.com/k-vyn/framer-ios-kit.git,4270599,,,
wellsjo/json-splora,javascript,https://github.com/wellsjo/json-splora.git,4271476,,,
canonicalltd/react-native,javascript,https://github.com/canonicalltd/react-native.git,4271484,,,
gagakj/gagamall,javascript,https://github.com/gagakj/gagamall.git,4274190,,,
bhnddowinf/vuejs-learn,javascript,https://github.com/bhnddowinf/vuejs-learn.git,4276108,,,
christianalfoni/webpack-bin,javascript,https://github.com/christianalfoni/webpack-bin.git,4276328,,,
stephengrider/advancedreactnative,javascript,https://github.com/stephengrider/advancedreactnative.git,4277513,,,
unitech/gridcontrol,javascript,https://github.com/unitech/gridcontrol.git,4278692,,,
team-gryff/react-monocle,javascript,https://github.com/team-gryff/react-monocle.git,4279709,,,
bhnddowinf/vuejs2-learn,javascript,https://github.com/bhnddowinf/vuejs2-learn.git,4279711,,,
jiangxy/react-antd-admin,javascript,https://github.com/jiangxy/react-antd-admin.git,4303009,,,
rich-harris/butternut,javascript,https://github.com/rich-harris/butternut.git,4303928,,,
nodejs/http2,javascript,https://github.com/nodejs/http2.git,4306207,,,
appianz/multi-picker,javascript,https://github.com/appianz/multi-picker.git,4307136,,,
lipeiwei-szu/reactnativeone,javascript,https://github.com/lipeiwei-szu/reactnativeone.git,4309233,,,
hunterloftis/awaiting,javascript,https://github.com/hunterloftis/awaiting.git,4309285,,,
phodal/growth,javascript,https://github.com/phodal/growth.git,4609097,,,
micotton/dejavue,javascript,https://github.com/micotton/dejavue.git,4609165,,,
michaelliao/cryptocurrency,javascript,https://github.com/michaelliao/cryptocurrency.git,4615598,,,
angular/mobile-toolkit,javascript,https://github.com/angular/mobile-toolkit.git,4622673,,,
togayther/react-native-cnblogs,javascript,https://github.com/togayther/react-native-cnblogs.git,4651747,,,
broidhq/integrations,javascript,https://github.com/broidhq/integrations.git,4720096,,,
apiko-dev/gittermobile,javascript,https://github.com/apiko-dev/gittermobile.git,4720158,,,
joshwcomeau/waveforms,javascript,https://github.com/joshwcomeau/waveforms.git,4728111,,,
amazon-archives/amazon-cognito-identity-js,javascript,https://github.com/amazon-archives/amazon-cognito-identity-js.git,4728162,,,
capitalone/react-native-pathjs-charts,javascript,https://github.com/capitalone/react-native-pathjs-charts.git,4736047,,,
aaaaaaaty/blog,javascript,https://github.com/aaaaaaaty/blog.git,4771089,,,
google-ar/three.ar.js,javascript,https://github.com/google-ar/three.ar.js.git,4779904,,,
minirefresh/minirefresh,javascript,https://github.com/minirefresh/minirefresh.git,4787991,,,
babel/babylon,javascript,https://github.com/babel/babylon.git,4804925,,,
vfleaking/uoj,javascript,https://github.com/vfleaking/uoj.git,4846452,,,
game-helper/weixin,javascript,https://github.com/game-helper/weixin.git,4861800,,,
ayojs/ayo,javascript,https://github.com/ayojs/ayo.git,4868823,,,
transcranial/keras-js,javascript,https://github.com/transcranial/keras-js.git,4876616,,,
mocheng/react-and-redux,javascript,https://github.com/mocheng/react-and-redux.git,4876651,,,
sangka/react-in-patterns-cn,javascript,https://github.com/sangka/react-in-patterns-cn.git,4876663,,,
maierfelix/pokemmo,javascript,https://github.com/maierfelix/pokemmo.git,4876769,,,
pearinc/pearplayer.js,javascript,https://github.com/pearinc/pearplayer.js.git,4884885,,,
dawson-org/dawson-cli,javascript,https://github.com/dawson-org/dawson-cli.git,4901773,,,
frintjs/frint,javascript,https://github.com/frintjs/frint.git,4909828,,,
fossasia/commonsnet,javascript,https://github.com/fossasia/commonsnet.git,4926137,,,
huluoyang/freecodecamp.cn,javascript,https://github.com/huluoyang/freecodecamp.cn.git,4935222,,,
spatie/vue-tabs-component,javascript,https://github.com/spatie/vue-tabs-component.git,4935437,,,
spatie/vue-table-component,javascript,https://github.com/spatie/vue-table-component.git,4935467,,,
polymer/polymer-cli,javascript,https://github.com/polymer/polymer-cli.git,4944705,,,
nolanlawson/optimize-js,javascript,https://github.com/nolanlawson/optimize-js.git,4953123,,,
gitsummore/nile.js,javascript,https://github.com/gitsummore/nile.js.git,4962413,,,
loklak/apps.loklak.org,javascript,https://github.com/loklak/apps.loklak.org.git,4962447,,,
facebookarchive/atom-ide-ui,javascript,https://github.com/facebookarchive/atom-ide-ui.git,4962566,,,
sls-admin/sls-admin-vue,javascript,https://github.com/sls-admin/sls-admin-vue.git,4962585,,,
luoye-fe/goh5,javascript,https://github.com/luoye-fe/goh5.git,4962653,,,
formidablelabs/redux-little-router,javascript,https://github.com/formidablelabs/redux-little-router.git,4988297,,,
huangxianyuan/hxyframe,javascript,https://github.com/huangxianyuan/hxyframe.git,4988363,,,
iotaledger/wallet,javascript,https://github.com/iotaledger/wallet.git,4996521,,,
sqorn/sqorn,javascript,https://github.com/sqorn/sqorn.git,5003017,,,
coolhwm/leshare-shop-wepy,javascript,https://github.com/coolhwm/leshare-shop-wepy.git,5003132,,,
cryptocat/cryptocat,javascript,https://github.com/cryptocat/cryptocat.git,5012492,,,
googlechrome/omnitone,javascript,https://github.com/googlechrome/omnitone.git,5012595,,,
asurateam/monitor,javascript,https://github.com/asurateam/monitor.git,5020572,,,
voilet/cmdb,javascript,https://github.com/voilet/cmdb.git,5020587,,,
aframevr/a-painter,javascript,https://github.com/aframevr/a-painter.git,5029708,,,
patmartin/dex,javascript,https://github.com/patmartin/dex.git,5036525,,,
expo/ex-navigation,javascript,https://github.com/expo/ex-navigation.git,5036580,,,
liftoff/humaninput,javascript,https://github.com/liftoff/humaninput.git,5036690,,,
shekhargulati/52-technologies-in-2016,javascript,https://github.com/shekhargulati/52-technologies-in-2016.git,5045989,,,
zhuzhuyule/hexoeditor,javascript,https://github.com/zhuzhuyule/hexoeditor.git,5046171,,,
vuejs/vue-migration-helper,javascript,https://github.com/vuejs/vue-migration-helper.git,5046353,,,
zhaoj9014/multi-human-parsing,javascript,https://github.com/zhaoj9014/multi-human-parsing.git,5046392,,,
weixin/miaow,javascript,https://github.com/weixin/miaow.git,5055901,,,
vialer/vialer-js,javascript,https://github.com/vialer/vialer-js.git,5064535,,,
estertion/youku-html5-player,javascript,https://github.com/estertion/youku-html5-player.git,5064575,,,
alexanderperrin/threejs-ballooning,javascript,https://github.com/alexanderperrin/threejs-ballooning.git,5064693,,,
hainproject/hain,javascript,https://github.com/hainproject/hain.git,5072693,,,
alloyteam/curvejs,javascript,https://github.com/alloyteam/curvejs.git,5072844,,,
ibm-blockchain-archive/marbles,javascript,https://github.com/ibm-blockchain-archive/marbles.git,5072891,,,
blinksocks/blinksocks,javascript,https://github.com/blinksocks/blinksocks.git,5072946,,,
lumenwrites/django-react-blog,javascript,https://github.com/lumenwrites/django-react-blog.git,5072979,,,
happylindz/blog,javascript,https://github.com/happylindz/blog.git,5081853,,,
cloudflare/cf-ui,javascript,https://github.com/cloudflare/cf-ui.git,5091523,,,
portsmouth/fibre,javascript,https://github.com/portsmouth/fibre.git,5091757,,,
dwijitsolutions/laraadmin,javascript,https://github.com/dwijitsolutions/laraadmin.git,5100467,,,
lcg0124/bootdo,javascript,https://github.com/lcg0124/bootdo.git,5100621,,,
eveningkid/reacto,javascript,https://github.com/eveningkid/reacto.git,5109213,,,
thinkmill/react-conf-app,javascript,https://github.com/thinkmill/react-conf-app.git,5109228,,,
suweiteng/vue2-management-platform,javascript,https://github.com/suweiteng/vue2-management-platform.git,5118327,,,
googlearchive/cloud-functions-emulator,javascript,https://github.com/googlearchive/cloud-functions-emulator.git,5118374,,,
maddoc42/android-material-icon-generator,javascript,https://github.com/maddoc42/android-material-icon-generator.git,5118417,,,
divan/gotrace,javascript,https://github.com/divan/gotrace.git,5125905,,,
vincentcox/stacoan,javascript,https://github.com/vincentcox/stacoan.git,5126001,,,
khanhas/spicetify,javascript,https://github.com/khanhas/spicetify.git,5126023,,,
ballercat/walt,javascript,https://github.com/ballercat/walt.git,5140008,,,
tinytacoteam/zazu,javascript,https://github.com/tinytacoteam/zazu.git,5146049,,,
vasyop/minic-hosting,javascript,https://github.com/vasyop/minic-hosting.git,5146243,,,
mozilla/spidernode,javascript,https://github.com/mozilla/spidernode.git,5146264,,,
realorangeone/react-native-mock,javascript,https://github.com/realorangeone/react-native-mock.git,5152537,,,
bitnami-labs/cabin,javascript,https://github.com/bitnami-labs/cabin.git,5165014,,,
easytuan/mui-kidapp,javascript,https://github.com/easytuan/mui-kidapp.git,5165047,,,
ibm/spring-boot-microservices-on-kubernetes,javascript,https://github.com/ibm/spring-boot-microservices-on-kubernetes.git,5165090,,,
arterli/cmswing,javascript,https://github.com/arterli/cmswing.git,5171006,,,
wagenaartje/neataptic,javascript,https://github.com/wagenaartje/neataptic.git,5171030,,,
yinhangcode/homebridge-mi-aqara,javascript,https://github.com/yinhangcode/homebridge-mi-aqara.git,5171040,,,
canner/canner,javascript,https://github.com/canner/canner.git,5177811,,,
3dparallax/insight,javascript,https://github.com/3dparallax/insight.git,5177860,,,
tlzzu/sodiaoeditor,javascript,https://github.com/tlzzu/sodiaoeditor.git,5178062,,,
youzan/zanui-weapp,javascript,https://github.com/youzan/zanui-weapp.git,5184178,,,
aimacode/aima-javascript,javascript,https://github.com/aimacode/aima-javascript.git,5184239,,,
snailuncle/autojsdemo,javascript,https://github.com/snailuncle/autojsdemo.git,5189853,,,
intika/librefox,javascript,https://github.com/intika/librefox.git,5208032,,,
googlearchive/sample-media-pwa,javascript,https://github.com/googlearchive/sample-media-pwa.git,5214996,,,
chrispsn/mesh,javascript,https://github.com/chrispsn/mesh.git,5222191,,,
nature-of-code/noc-s17-2-intelligence-learning,javascript,https://github.com/nature-of-code/noc-s17-2-intelligence-learning.git,5222274,,,
wicklets/wick-editor-2018,javascript,https://github.com/wicklets/wick-editor-2018.git,5231806,,,
guangqiang-liu/onem,javascript,https://github.com/guangqiang-liu/onem.git,5236197,,,
secgroundzero/warberry,javascript,https://github.com/secgroundzero/warberry.git,5246372,,,
strongloop/microgateway,javascript,https://github.com/strongloop/microgateway.git,5246572,,,
spite/looper,javascript,https://github.com/spite/looper.git,5246584,,,
christopherbiscardi/gatsby-mdx,javascript,https://github.com/christopherbiscardi/gatsby-mdx.git,5246620,,,
jasonette/jasonette-ios,javascript,https://github.com/jasonette/jasonette-ios.git,5255949,,,
jianru-lin/lambda-view,javascript,https://github.com/jianru-lin/lambda-view.git,5256135,,,
facebookarchive/keyframes,javascript,https://github.com/facebookarchive/keyframes.git,5263941,,,
carteb/carte-blanche,javascript,https://github.com/carteb/carte-blanche.git,5264008,,,
reswitched/pegaswitch,javascript,https://github.com/reswitched/pegaswitch.git,5270205,,,
kiesun/react-interpretation,javascript,https://github.com/kiesun/react-interpretation.git,5277449,,,
qmlweb/qmlweb,javascript,https://github.com/qmlweb/qmlweb.git,5277542,,,
decosoftware/deco-ide,javascript,https://github.com/decosoftware/deco-ide.git,5284636,,,
lihongxun945/jquery-weui,javascript,https://github.com/lihongxun945/jquery-weui.git,5284665,,,
calmm-js/partial.lenses,javascript,https://github.com/calmm-js/partial.lenses.git,5284843,,,
hiproxy/hiproxy,javascript,https://github.com/hiproxy/hiproxy.git,5284927,,,
tensorspace-team/tensorspace,javascript,https://github.com/tensorspace-team/tensorspace.git,5292732,,,
tinywan/html5-dash-hls-rtmp,javascript,https://github.com/tinywan/html5-dash-hls-rtmp.git,5292813,,,
syt123450/giojs,javascript,https://github.com/syt123450/giojs.git,5292856,,,
xfffff/gekko-strategies,javascript,https://github.com/xfffff/gekko-strategies.git,5292885,,,
vladocar/nanojs,javascript,https://github.com/vladocar/nanojs.git,5292940,,,
jeantimex/javascript-problems-and-solutions,javascript,https://github.com/jeantimex/javascript-problems-and-solutions.git,5293639,,,
dthree/cash,javascript,https://github.com/dthree/cash.git,5300030,,,
kezhenxu94/mini-github,javascript,https://github.com/kezhenxu94/mini-github.git,5300177,,,
song-li/cross_browser,javascript,https://github.com/song-li/cross_browser.git,5300213,,,
ericdrowell/elgrapho,javascript,https://github.com/ericdrowell/elgrapho.git,5307096,,,
substance/texture,javascript,https://github.com/substance/texture.git,5314139,,,
thomas101/wmail,javascript,https://github.com/thomas101/wmail.git,5322075,,,
postlight/lux,javascript,https://github.com/postlight/lux.git,5322273,,,
lessfish/underscore-analysis,javascript,https://github.com/lessfish/underscore-analysis.git,5338608,,,
hyperledger-archives/composer,javascript,https://github.com/hyperledger-archives/composer.git,5338697,,,
claudiajs/claudia-bot-builder,javascript,https://github.com/claudiajs/claudia-bot-builder.git,5338783,,,
petschko/rpg-maker-mv-decrypter,javascript,https://github.com/petschko/rpg-maker-mv-decrypter.git,5339562,,,
laynefyc/xhgui-branch,javascript,https://github.com/laynefyc/xhgui-branch.git,5346954,,,
microsoft/holojs,javascript,https://github.com/microsoft/holojs.git,5353981,,,
shibingli/webconsole,javascript,https://github.com/shibingli/webconsole.git,5354070,,,
ks888/lambstatus,javascript,https://github.com/ks888/lambstatus.git,5361447,,,
react-translate-team/react-router-cn,javascript,https://github.com/react-translate-team/react-router-cn.git,5361497,,,
exokitxr/exokit,javascript,https://github.com/exokitxr/exokit.git,5369570,,,
ml5js/ml5-examples,javascript,https://github.com/ml5js/ml5-examples.git,5369729,,,
turtl/server,javascript,https://github.com/turtl/server.git,5369992,,,
x-orpheus/nei-toolkit,javascript,https://github.com/x-orpheus/nei-toolkit.git,5381481,,,
bradwestfall/css-tricks-react-series,javascript,https://github.com/bradwestfall/css-tricks-react-series.git,5381545,,,
popcorn-official/popcorn-api,javascript,https://github.com/popcorn-official/popcorn-api.git,5391988,,,
rd17/ambar,javascript,https://github.com/rd17/ambar.git,5401566,,,
fossasia/susi_skill_cms,javascript,https://github.com/fossasia/susi_skill_cms.git,5401641,,,
zhoushengmufc/iosselect,javascript,https://github.com/zhoushengmufc/iosselect.git,5401692,,,
scriptpilot/app-framework,javascript,https://github.com/scriptpilot/app-framework.git,5401879,,,
jflyfox/jfinal_cms,javascript,https://github.com/jflyfox/jfinal_cms.git,5401972,,,
lengstrom/falcon,javascript,https://github.com/lengstrom/falcon.git,5410672,,,
qbobwatson/gt-linalg,javascript,https://github.com/qbobwatson/gt-linalg.git,5410761,,,
behnamazimi/practical-front-end-projects,javascript,https://github.com/behnamazimi/practical-front-end-projects.git,5413699,,,
cidrblock/drawthe.net,javascript,https://github.com/cidrblock/drawthe.net.git,5416922,,,
moduscreateorg/budgeting,javascript,https://github.com/moduscreateorg/budgeting.git,5427520,,,
chenhuiyj/ec-do,javascript,https://github.com/chenhuiyj/ec-do.git,5427531,,,
gottwik/enduro,javascript,https://github.com/gottwik/enduro.git,5427640,,,
tombatossals/chords-db,javascript,https://github.com/tombatossals/chords-db.git,5439581,,,
mzgoddard/hard-source-webpack-plugin,javascript,https://github.com/mzgoddard/hard-source-webpack-plugin.git,5444528,,,
jly8866/archer,javascript,https://github.com/jly8866/archer.git,5444645,,,
fengari-lua/fengari,javascript,https://github.com/fengari-lua/fengari.git,5444677,,,
faxad/activflow,javascript,https://github.com/faxad/activflow.git,5444924,,,
lllyasviel/style2paints,javascript,https://github.com/lllyasviel/style2paints.git,5452865,,,
fe-driver/vue-beauty,javascript,https://github.com/fe-driver/vue-beauty.git,5453000,,,
ibase4j/ibase4j,javascript,https://github.com/ibase4j/ibase4j.git,5453015,,,
chimeejs/chimee,javascript,https://github.com/chimeejs/chimee.git,5460905,,,
avgjs/avg-core,javascript,https://github.com/avgjs/avg-core.git,5461095,,,
lokyoung/vuejs-paginate,javascript,https://github.com/lokyoung/vuejs-paginate.git,5461125,,,
appraiseqa/appraise,javascript,https://github.com/appraiseqa/appraise.git,5461152,,,
cryptee/web-client,javascript,https://github.com/cryptee/web-client.git,5461744,,,
lewis617/react-redux-tutorial,javascript,https://github.com/lewis617/react-redux-tutorial.git,5466904,,,
react-d3-library/react-d3-library,javascript,https://github.com/react-d3-library/react-d3-library.git,5467079,,,
maoxiaoquan/kite,javascript,https://github.com/maoxiaoquan/kite.git,5467519,,,
canner/canner-slate-editor,javascript,https://github.com/canner/canner-slate-editor.git,5477885,,,
carguo/gsygithubappweex,javascript,https://github.com/carguo/gsygithubappweex.git,5478016,,,
jerrylizilong/autotest_platform,javascript,https://github.com/jerrylizilong/autotest_platform.git,5478393,,,
rezmason/matrix,javascript,https://github.com/rezmason/matrix.git,5480206,,,
trazyn/ieasemusic,javascript,https://github.com/trazyn/ieasemusic.git,5487759,,,
trazyn/wewechat,javascript,https://github.com/trazyn/wewechat.git,5487780,,,
fossasia/accounts.susi.ai,javascript,https://github.com/fossasia/accounts.susi.ai.git,5487948,,,
kohgylw/kiftd,javascript,https://github.com/kohgylw/kiftd.git,5488003,,,
status-im/react-native-desktop-qt,javascript,https://github.com/status-im/react-native-desktop-qt.git,5488058,,,
sciencefair-land/sciencefair,javascript,https://github.com/sciencefair-land/sciencefair.git,5488376,,,
pissang/clay-viewer,javascript,https://github.com/pissang/clay-viewer.git,5488419,,,
michaelliao/shici,javascript,https://github.com/michaelliao/shici.git,5488810,,,
plasma-umass/browsix,javascript,https://github.com/plasma-umass/browsix.git,5496192,,,
sl1673495/leetcode-javascript,javascript,https://github.com/sl1673495/leetcode-javascript.git,5496351,,,
psolom/richfilemanager,javascript,https://github.com/psolom/richfilemanager.git,5502721,,,
duaraghav8/ethlint,javascript,https://github.com/duaraghav8/ethlint.git,5502818,,,
adamant-im/adamant,javascript,https://github.com/adamant-im/adamant.git,5503187,,,
xiongwilee/gracejs,javascript,https://github.com/xiongwilee/gracejs.git,5522121,,,
ijzerenhein/react-native-magic-move,javascript,https://github.com/ijzerenhein/react-native-magic-move.git,5522162,,,
marcrobledo/savegame-editors,javascript,https://github.com/marcrobledo/savegame-editors.git,5522467,,,
jimmywarting/native-file-system-adapter,javascript,https://github.com/jimmywarting/native-file-system-adapter.git,5543164,,,
bradley/blotter,javascript,https://github.com/bradley/blotter.git,5545353,,,
google/wwwbasic,javascript,https://github.com/google/wwwbasic.git,5545394,,,
carbon-design-system/carbon-components-react,javascript,https://github.com/carbon-design-system/carbon-components-react.git,5545417,,,
webcodesk/webcodesk-srv,javascript,https://github.com/webcodesk/webcodesk-srv.git,5545702,,,
talkpython/100daysofweb-with-python-course,javascript,https://github.com/talkpython/100daysofweb-with-python-course.git,5545883,,,
lightninglabs/lightning-app,javascript,https://github.com/lightninglabs/lightning-app.git,5551933,,,
cavincao/mini-blog,javascript,https://github.com/cavincao/mini-blog.git,5552248,,,
runningcheese/runningcheese-firefox,javascript,https://github.com/runningcheese/runningcheese-firefox.git,5562123,,,
talkingdata/inmap,javascript,https://github.com/talkingdata/inmap.git,5567147,,,
dxy-f2e/api-mocker,javascript,https://github.com/dxy-f2e/api-mocker.git,5567271,,,
mineral-ui/mineral-ui,javascript,https://github.com/mineral-ui/mineral-ui.git,5567527,,,
distillpub/template,javascript,https://github.com/distillpub/template.git,5567774,,,
cavi-au/consent-o-matic,javascript,https://github.com/cavi-au/consent-o-matic.git,5569001,,,
standard-things/esm,javascript,https://github.com/standard-things/esm.git,5575578,,,
wendux/fly,javascript,https://github.com/wendux/fly.git,5575622,,,
lavas-project/lavas,javascript,https://github.com/lavas-project/lavas.git,5575686,,,
areslabs/alita,javascript,https://github.com/areslabs/alita.git,5584068,,,
anseki/leader-line,javascript,https://github.com/anseki/leader-line.git,5584095,,,
esxjs/esx,javascript,https://github.com/esxjs/esx.git,5584303,,,
jarek-foksa/xel,javascript,https://github.com/jarek-foksa/xel.git,5590505,,,
elemefe/v-charts,javascript,https://github.com/elemefe/v-charts.git,5598510,,,
ecmadao/hacknical,javascript,https://github.com/ecmadao/hacknical.git,5598641,,,
alexmojaki/birdseye,javascript,https://github.com/alexmojaki/birdseye.git,5598654,,,
krasimir/stent,javascript,https://github.com/krasimir/stent.git,5598744,,,
google/mathsteps,javascript,https://github.com/google/mathsteps.git,5605954,,,
highcharts/highcharts-react,javascript,https://github.com/highcharts/highcharts-react.git,5606253,,,
thegreatjavascript/fakescreenshot,javascript,https://github.com/thegreatjavascript/fakescreenshot.git,5613092,,,
elemefe/element-react,javascript,https://github.com/elemefe/element-react.git,5616705,,,
alibaba/bindingx,javascript,https://github.com/alibaba/bindingx.git,5616831,,,
azat-co/react-quickly,javascript,https://github.com/azat-co/react-quickly.git,5617122,,,
krasimir/react-in-patterns,javascript,https://github.com/krasimir/react-in-patterns.git,5626627,,,
logoove/weui,javascript,https://github.com/logoove/weui.git,5626772,,,
zalando/tailor,javascript,https://github.com/zalando/tailor.git,5626810,,,
krasimir/kuker,javascript,https://github.com/krasimir/kuker.git,5626961,,,
kdchang/reactjs101,javascript,https://github.com/kdchang/reactjs101.git,5639109,,,
vksrc/github-monitor,javascript,https://github.com/vksrc/github-monitor.git,5639256,,,
moeiscool/shinobi,javascript,https://github.com/moeiscool/shinobi.git,5639273,,,
yize/xswitch,javascript,https://github.com/yize/xswitch.git,5639410,,,
threejs/three-devtools,javascript,https://github.com/threejs/three-devtools.git,5656899,,,
ggbrw/boolr,javascript,https://github.com/ggbrw/boolr.git,5665652,,,
capacitorset/box-js,javascript,https://github.com/capacitorset/box-js.git,5665669,,,
mozilla/send,javascript,https://github.com/mozilla/send.git,5673470,,,
rubylouvre/anu,javascript,https://github.com/rubylouvre/anu.git,5679020,,,
bolan9999/react-native-largelist,javascript,https://github.com/bolan9999/react-native-largelist.git,5679087,,,
kentcdodds/testing-workshop,javascript,https://github.com/kentcdodds/testing-workshop.git,5679190,,,
dsheiko/puppetry,javascript,https://github.com/dsheiko/puppetry.git,5679366,,,
anseki/plain-draggable,javascript,https://github.com/anseki/plain-draggable.git,5679646,,,
hclonely/hexo-bilibili-bangumi,javascript,https://github.com/hclonely/hexo-bilibili-bangumi.git,5681773,,,
dyo/dyo,javascript,https://github.com/dyo/dyo.git,5686628,,,
xboxyan/xy-ui,javascript,https://github.com/xboxyan/xy-ui.git,5686831,,,
